x1,x2,x3,x4,x5,x6,y
0.317547462176132,1.0,1.0,1.0,0.8598497273881294,-1.0,-5.248625847873605
-1.0,-0.2663479303994689,-1.0,-0.5914135449951077,1.0,-0.9593593623379336,5.329846270999283
-1.0,1.0,-1.0,1.0,-0.1589097139050213,-1.0,8.848851177441205
1.0,1.0,1.0,0.3979872480237136,1.0,-1.0,-5.080579818937787
1.0,0.5022956481274914,1.0,1.0,1.0,-0.8852877001368653,-4.606543149164574
1.0,1.0,1.0,1.0,-0.138169624578792,-1.0,3.6479767994324095
-1.0,-0.9901335162878508,-0.8410587637862936,-1.0,-1.0,0.2393095895916752,-1.8887048224498977
0.8992800475341611,-1.0,0.4823669676225448,0.7498264106187262,1.0,0.6212784823855253,-1.31334112545253
0.7931630499031503,1.0,-0.1474577525359874,0.5041509633800954,0.5028436966494265,1.0,2.5230771930774765
0.1680353649646664,1.0,0.217023043965965,0.4369409960497488,-1.0,-0.3249413406973764,0.5805433448532529
1.0,0.1841312699607273,1.0,1.0,0.8039038758380956,1.0,-5.815532223283553
1.0,1.0,0.901315001752528,1.0,0.1395404845620236,0.3016562147927955,-3.3858089823735145
1.0,0.4792671655535898,0.6918880989282534,0.3478577307211821,-1.0,-0.9401997178896764,7.156560438584659
0.230396308988769,-0.8079607780371068,0.2985044639424083,1.0,0.1320412187113844,1.0,3.2101740034404833
-1.0,1.0,-0.7687780940882234,0.2676710888447113,0.2301197618707662,1.0,9.249167384091008
0.4912577123276258,0.4395333499133365,1.0,1.0,1.0,-0.6280960991184539,-3.1611378087333466
0.8634254730000721,0.3222984872419465,0.5420635034643879,1.0,0.2648000202456437,0.4139844224707094,-1.3960631939656025
1.0,0.4013212234623382,1.0,1.0,1.0,0.3283147878218775,-6.394177289083894
-1.0,-1.0,-1.0,-1.0,-0.1114413870926178,-1.0,2.5908590212894964
1.0,1.0,0.5116144068872381,0.0686541036502499,1.0,1.0,-0.7140158793800269
0.206526724319267,1.0,1.0,-1.0,1.0,1.0,1.4869015505769658
-0.8553784346031206,0.1866910792283098,-1.0,1.0,-0.9087566540171196,0.6582864663443919,0.10604628691045592
-1.0,-0.718087244217789,-1.0,-0.935452286739778,-1.0,0.9026045684234724,2.558304014568453
1.0,0.0357523155139516,1.0,-0.97414040083429,0.792584555357013,1.0,-5.342832340779831
-0.0823834215966694,-0.1965294501614043,1.0,-1.0,-0.1223610660735723,-1.0,2.1855930968944906
0.4704310795875392,1.0,-0.405324732212768,1.0,-0.4440826091130245,-1.0,6.452510541399995
1.0,1.0,0.3289373587692241,1.0,-1.0,0.6447447634416668,4.7801193203157055
0.7052056532857178,1.0,1.0,1.0,0.5213786913488168,-1.0,-2.523445243387149
0.0891072647311921,0.2125229952345029,-1.0,1.0,0.099428242486014,0.7149559553856453,2.259578161028208
-0.7027492633235484,-0.1452183250997456,0.196458843826879,-0.165963252548422,-1.0,-1.0,-0.41382003520901467
1.0,1.0,0.6020988687058875,0.3645873080814987,-1.0,-0.0292377400725369,2.1385454212517487
1.0,0.9736289626618532,-0.9758295851366628,1.0,-1.0,0.9284997551796568,11.175429852659411
0.9003726521739719,1.0,-0.9517659141334684,0.4785655266773221,-1.0,-1.0,8.273616523317587
-0.1404789858702255,-1.0,-1.0,-0.2913492955973049,-1.0,-0.0631863802763064,-2.1840778848546565
-1.0,-0.4567317671180368,-1.0,-1.0,0.2353491274184895,0.5774741346435588,-1.2724195617438476
-1.0,-1.0,-1.0,0.0519866821229377,-1.0,-0.5438973953434403,-4.489709891842187
0.6072729708399649,0.1589069780762293,1.0,0.4829452485295153,0.7588064871842122,-1.0,-0.6100320845761642
-0.6190157499047888,-0.2287051412643623,-0.5908655138699299,-0.309083872689168,-0.8458281731828989,1.0,2.991863556412704
-0.1939927848369396,-0.9411054130919518,-1.0,-1.0,0.9705193728468408,1.0,0.11475577061913955
-0.3517767256356297,-1.0,-0.0523916879959502,-1.0,0.0310032469138283,-1.0,5.124137641244337
-0.079684532105495,0.0509524045010745,-0.8244252146464639,1.0,-1.0,-1.0,1.7485178804295436
-1.0,-0.0325478469682334,-0.4758376736268086,-1.0,-1.0,-0.1862501780625054,-1.1004775065431462
0.7763662239119764,1.0,-1.0,1.0,1.0,-1.0,-2.3988270487429606
-0.1603030967310128,1.0,-1.0,0.3145155160226167,0.9448703534258388,-1.0,4.214438612267855
-0.8561301088107851,-1.0,-1.0,-1.0,0.4751377228448941,0.4742879511920175,-6.4293847980041985
-1.0,-1.0,-0.5085148914011148,-0.5778939924991935,-1.0,-1.0,1.978492513868094
1.0,1.0,1.0,0.5453620093165295,1.0,1.0,-7.6816596131694155
-1.0,-0.01437973072162,0.0435529722508378,-0.7175548552674496,-0.0662977931675519,1.0,0.6799013701387523
1.0,0.0848387071782368,0.2464064714426799,1.0,0.7460891500466973,0.6948168184026253,-1.2802678085054824
-1.0,-0.266102239408976,-0.4515268761037025,-1.0,-0.3064330563676054,-1.0,2.7905969917553137
-1.0,0.1896451953383273,-1.0,-1.0,-1.0,-1.0,0.7923217888527164
-1.0,1.0,1.0,0.503462537918218,0.0711224874965881,0.0447697144177077,-3.905420300676313
0.4018323207119953,0.5344968230369287,1.0,0.0382927530532994,-0.878667404613322,1.0,0.24323766422206322
-0.2350774993958664,1.0,-0.3883012055484636,-0.0330592488377614,1.0,1.0,8.68365374618884
1.0,0.6215060141766817,1.0,0.5928739428720029,-0.4322987896646431,1.0,-0.28448285350537406
0.1417220272527064,-0.6226466135254731,-0.199209113205075,-0.9229154863466908,-1.0,1.0,6.636211842813466
1.0,0.5309108622112377,1.0,0.8661218600310652,1.0,0.2675106788731063,-6.0813550140248385
-0.9313268763484908,-1.0,-1.0,-1.0,-1.0,-0.0977768007928694,-1.9139482094142388
1.0,1.0,1.0,1.0,-0.6873419317598475,-0.5240415986163887,4.5277224931837985
0.1719287115834855,0.8435415830829729,0.1799821046349177,1.0,1.0,-0.0946439996462575,-0.9108631832847052
-0.5433246495353448,-1.0,-0.4350892073405277,-0.2195865866060462,-1.0,-0.5799543990798257,-0.11582569156409284
-1.0,1.0,0.7555677197789723,-0.1661422756888975,0.35543477321368,0.5693028679879211,-1.7234285979017079
1.0,1.0,1.0,1.0,1.0,1.0,-10.05291695626767
-0.2280526170919903,-1.0,-0.637115796529302,-0.2923426184509157,-1.0,-1.0,1.9948552678766105
-1.0,-0.0599882117875578,-1.0,-1.0,1.0,0.9866645447259884,8.315133725809543
-0.903827599633465,0.4707960360611181,-0.8304501029928044,-0.1527920466159857,0.3318201298227994,0.3902307620757808,1.9967212494638025
-1.0,-0.4444398829751115,-1.0,-0.113905390900785,0.986154125485354,1.0,7.349594237939588
0.92247145369184,-1.0,1.0,1.0,0.5673525965330963,0.0897593108991472,-0.3375934726624812
1.0,1.0,0.3585029206660677,0.0852567364283898,1.0,-0.4025800737071605,-2.183646044678277
1.0,1.0,-1.0,0.956069106082006,-0.3872079984146741,-0.0057789736197344,4.932030411130267
1.0,1.0,1.0,-1.0,-1.0,1.0,7.167895355033092
0.4079877764608204,0.3339052185385354,1.0,0.7474681816769044,0.1123544640969953,1.0,-2.26695716389918
-0.2819987823518648,1.0,1.0,0.513410401075864,0.1565881234258379,1.0,-3.942979073159909
-0.3004448034169187,-0.4630272162548952,-1.0,-0.1169945431205128,1.0,-1.0,2.8584617958240823
-1.0,-1.0,1.0,-1.0,1.0,0.705797087240392,-2.3736270386162293
-1.0,-1.0,-0.5752271455828937,-1.0,-1.0,0.9816282872787188,0.9620043078387428
-0.6577632839512244,-0.233535538307696,-0.5367229527366912,-0.2763609498100474,0.4652753256927746,1.0,4.550413648046966
-0.7301537365572448,-1.0,-0.4029821060594274,-1.0,-1.0,-0.6739597190917161,4.281033739582369
-0.9016344486377904,-0.4703293385620013,-0.8391328858352112,-0.0022324315752597,-1.0,-0.4967686252036762,-2.429647111678722
0.9492902695616134,0.8312307220958686,-1.0,-0.3643945289735752,-0.7443116703446508,-1.0,5.258745863917126
1.0,0.350090210625624,1.0,1.0,-1.0,-0.6462397237022104,6.429598384032033
0.3042566872138894,0.2931319990672028,1.0,1.0,-1.0,-0.2399132436843463,0.3955879727633426
0.6630826053546466,1.0,0.7726772242759521,1.0,-1.0,-0.6204419958923049,4.645814625254785
-0.7559097784761515,0.9064906024301952,-0.8401034158312739,-0.247475913535909,-0.6992942940300568,-1.0,2.552854708949145
-1.0,-1.0,-1.0,-0.7352684899841535,1.0,1.0,0.6857271135407584
0.2019048322174856,0.4328141698545844,0.2836595438386164,0.2871859271845787,1.0,0.238792699651976,-0.19058178690605365
0.9540619315492742,1.0,0.9569157557814616,1.0,-0.7029850160071625,1.0,-0.04285629038741212
-1.0,-1.0,0.6103318029720493,-1.0,-1.0,-1.0,6.650558743832352
-0.3442610295914106,-1.0,-0.484166512409006,-0.2406405734479986,-0.0995759877162314,0.1311353755062902,-1.4619332444658673
-0.3682344156493871,-1.0,0.8141910975045457,-1.0,-1.0,-1.0,9.122540078871474
1.0,1.0,0.8951274170424179,0.8987403473895657,0.0685664652948716,0.3581285403543162,-3.043258107688894
-1.0,-0.0841828502946921,-0.5424274787075434,-0.2443312403385398,0.0125495068243821,0.5323761680190837,0.4955646302226919
-1.0,-0.7256872968830343,-1.0,-1.0,-0.4573621379150201,-0.407025528650782,-2.4399587855534324
-1.0,-1.0,-1.0,-0.4313654792721046,1.0,1.0,2.249577411859399
1.0,-1.0,-1.0,-1.0,1.0,1.0,-7.317726966665118
-1.0,-0.5099710315272468,-1.0,-0.9029767184554868,-0.251456300835819,-0.6752283937296737,0.1999649235860158
-1.0,-1.0,-1.0,-1.0,-0.1053868906372721,-1.0,2.5861963154543477
0.6777089638200979,1.0,-0.439564318490327,0.0066477849681487,1.0,0.2799325173152309,0.5335626429338418
-1.0,-0.706159414820897,-1.0,-0.7459392836960013,-0.5144473005356458,-1.0,3.8286012047283466
-1.0,-0.427637018161658,-0.538622859108584,-0.2734439257806704,-0.8324908665447075,0.3160436175029908,-2.364449073405517
1.0,0.4208102176606507,0.6597496546684432,0.2429830816405853,0.2317673510685809,1.0,0.02724835353418087
0.7799247434191572,-0.735694090706289,0.3056605449192886,-0.2121224448422372,1.0,1.0,-0.9857966612727846
0.7668093769098641,0.798411984690298,0.1910804602789308,1.0,1.0,0.06446206536863,-2.026370243760527
-0.6178549903731498,-1.0,-0.0498990492919555,-1.0,1.0,-0.9839882693259898,7.737770766190312
0.3625569650058873,0.4154476035331143,0.9067197699949676,-1.0,1.0,1.0,0.8375673315678546
-1.0,-0.5907756262036432,1.0,-1.0,-0.5499508949919671,0.2161368082195081,-2.4137342014811307
-0.1470777186540519,-0.3529043292854581,-1.0,-0.2880386185370482,0.5893382207173239,-0.2757700246712635,-0.5803949411558371
-1.0,-1.0,-1.0,-0.6556818910906157,0.0340674636056799,0.4886298552908086,-4.956768292799124
0.5985475763605448,0.04247387353118,-1.0,0.0709454357018981,-1.0,0.2142150982711288,1.818579237619338
-0.0372824298938125,-0.9601113596201034,1.0,-0.0646326209413332,1.0,0.5971070272208918,-0.3478484707868601
-0.1377076395610765,-0.2688505215443513,0.4639577136343156,-0.8402476506887058,-1.0,-0.0117192211413093,1.0409111892356564
-1.0,-1.0,-1.0,-1.0,-0.0830957051685985,1.0,-2.0140438651190267
0.4098962492015121,1.0,1.0,0.2318819656709976,0.2742904211451946,1.0,-3.3039244236453507
-1.0,1.0,0.9979678821061908,1.0,1.0,1.0,-7.617953533688732
-0.5943538949112166,-0.4815358991719645,0.5004702998852344,-1.0,-0.7167892324912721,-1.0,3.3873658832116997
-0.5735948432703235,-1.0,0.9174591425618356,0.8642476879764363,-1.0,-1.0,1.6991424487838849
1.0,0.2212561866729627,1.0,1.0,-1.0,1.0,2.6689309880274745
-1.0,-0.5209705250298351,-1.0,0.3839986909607304,1.0,0.6838585646253343,2.1083457673781005
0.7282776243218225,0.9079156630056324,-1.0,1.0,-0.5245681506479904,-0.4668608804527672,4.061071437474041
-0.9004552358914886,1.0,-1.0,-1.0,0.9575872581854254,-0.3164845456952665,3.019357253383291
-1.0,-0.4700495442416377,-1.0,-1.0,-1.0,-0.8065460540694602,1.4585551207340801
0.2366436811305767,0.4268856812055908,0.6807995417106101,0.3100816567319431,-1.0,-0.3228496603377631,0.5508688184998134
1.0,-1.0,1.0,1.0,1.0,-1.0,-3.3571709042472055
1.0,0.5718802937682252,1.0,1.0,-0.9862433777042838,-1.0,8.86489788010532
1.0,1.0,1.0,0.8690798963503266,0.2019102263234466,-1.0,0.8070639940978405
-1.0,-1.0,-1.0,-1.0,-0.121193021416857,0.6182145055193757,-5.852450179933371
-0.7973042871677896,0.769432370781961,0.6531200756759254,-0.8676673077341657,1.0,-0.1343548522064608,1.7326835919597152
1.0,0.1093300748684857,0.8896677121552055,1.0,0.8461908497492014,0.977487123023716,-4.367194537635209
-1.0,-1.0,0.9626371314343544,-0.6374861420768023,-0.9507483237466352,-1.0,4.691554320285592
1.0,-1.0,0.093298438257444,-1.0,-0.541273359445891,0.406665262342154,3.893761595329397
-0.5564583075094087,-0.7831174790959128,-0.0064628498696668,-0.0080709723559657,0.5136168848174596,0.2167947605382585,0.5291895856235751
1.0,0.4544712379287741,1.0,1.0,1.0,0.5708025091406579,-7.168790139215851
0.6431158235308887,0.7016230300712039,1.0,0.2929278654726164,1.0,0.6136967920356389,-4.19326557185393
1.0,0.0257201580058692,0.0296091575028851,1.0,1.0,0.6438263885410955,-1.310185852464211
-0.0931434844596412,-1.0,-0.8686213221511172,-1.0,-1.0,-0.2291690190334026,2.8015254684942463
-1.0,-0.4010228759019509,-1.0,-0.1260187756103494,0.9758356378375744,1.0,7.531437791884429
1.0,1.0,0.2377260765916691,1.0,1.0,1.0,-0.9213760414721279
-0.3080271922686612,-0.6532774169246796,-0.7723447755194395,-0.2302294060768441,-0.3811661504134715,-0.6716053809443612,0.3653913844799162
0.0652265470366353,0.1327807512159406,0.925623829447462,0.3465732785649833,-0.5522038869063746,1.0,-0.5391481717488007
-1.0,0.6847073440063849,-0.6904857550859153,-1.0,0.0169979997819069,1.0,6.441958103524788
-1.0,-1.0,-0.1548563948309185,-0.9051957347391996,-0.2403377667592883,-1.0,4.088537265143902
0.3416422138825792,-1.0,0.4543803341949455,-1.0,0.1442238972445597,0.8581460068533182,-0.8275815672587126
1.0,-1.0,-0.4270202085578842,-1.0,-1.0,0.5889413725699157,8.80900769306874
-0.5977812819767891,-0.3155002877019774,-0.8888894940342507,-1.0,1.0,-0.5868409529322749,1.5523664859979296
1.0,1.0,0.604401186738259,0.0882908721463207,1.0,1.0,-1.5079270851764384
-1.0,-0.8035196265651141,-0.8056922491543237,-1.0,-1.0,0.5874998851083701,-0.8205249473459346
-0.9729068729615816,-0.970754181710727,-0.6378053368532657,-1.0,-1.0,-1.0,4.6520400850645975
1.0,0.5682906147666666,1.0,0.7687332347396474,-0.1237371379469043,1.0,-2.1461547394232228
0.5798919451751294,0.2662654285153842,1.0,0.6009159670200002,0.206442086096356,-1.0,1.7610668054474277
1.0,1.0,1.0,1.0,-1.0,-1.0,9.27236829232994
1.0,0.8771515777691048,0.0865946189979278,0.0177683075206289,0.3819944548326242,-0.8617607466829107,0.9853613790450302
-1.0,0.9432629378222634,-1.0,0.3747093479998264,1.0,1.0,14.83856398545148
1.0,-0.8263783655250918,1.0,-1.0,0.793637724635468,1.0,-8.059206536699026
1.0,1.0,1.0,0.2507874745823919,-0.3914323909300425,-1.0,2.9657255237595876
0.3405887119080319,-0.1244347844917654,-1.0,-0.1946888810199085,-0.758453385829488,-0.8108614236174498,1.2691701207717272
-1.0,-1.0,-1.0,-1.0,0.3919444470146496,0.5155480868156401,-6.926810646532632
0.0704087886120232,-1.0,1.0,0.1744515663446471,-0.586487719160472,-0.9693398890002822,5.56729066451533
0.3691104192683145,0.5951768861618238,0.2954691632873569,-0.2142917529827834,-1.0,-1.0,2.544291714015546
0.5294803985372132,-1.0,-0.2073594324170358,0.8927318730237597,1.0,1.0,3.049593882809815
0.6903694521111086,1.0,-0.9492306451885008,0.775386779972342,-0.9816175072836256,-0.960333203928876,7.961989608752583
-0.182982494275969,-0.0408909416134836,-0.7352767226625117,-0.6783991425105758,-0.8564272833469404,-0.5111785066291388,-0.5052518428432857
-1.0,-1.0,0.1035359363645136,1.0,1.0,0.2032216319946231,0.41485945542807606
-1.0,-1.0,-1.0,-0.5807994169098569,0.5526931086616165,0.1789261420717622,-5.580904194159038
1.0,1.0,1.0,0.3293733887923684,-0.2533556735808151,-0.4923285928141123,0.4958270006826317
-1.0,-0.5042044896860891,-1.0,-1.0,1.0,1.0,5.182337777843589
-1.0,-1.0,-1.0,-0.0632392887408608,1.0,0.8891007512129494,1.4109835012572354
-1.0,-0.2665068376899373,-1.0,-0.1520880361602625,-1.0,-0.5492309497116257,-2.336757426395177
1.0,0.3236714829188554,0.8030976167298494,1.0,1.0,-1.0,-2.410504858443048
-0.2340602364836019,1.0,1.0,0.0662233977390225,1.0,1.0,-0.7061718418704785
-1.0,-1.0,-1.0,-0.6118821796076126,1.0,1.0,1.3726885991196132
-1.0,-0.4250748120951431,1.0,-0.0788685520988918,-1.0,0.1041260846899307,-3.1013111870200962
0.9920645628592266,1.0,0.4486901634930078,1.0,-1.0,-1.0,11.064995058812862
0.2099069841783858,0.0731008650454723,1.0,0.4298254495199074,1.0,0.1059488699131503,-1.7739070351511357
-0.2343239771083742,1.0,1.0,0.3360271364627492,-0.5731859318458046,-0.4906147319001654,-2.109619415093467
1.0,0.7459205303610552,-1.0,-0.3328142072769799,-0.7415039900639437,-1.0,5.333925825453763
-1.0,-1.0,1.0,1.0,-1.0,1.0,-2.4536336233206346
-0.9018345250739208,-0.5644681309246184,-0.473939865043955,-1.0,-0.5478989388454567,-1.0,3.0773637846934196
-1.0,-1.0,-1.0,1.0,1.0,1.0,3.1240811215651907
0.5679212984740993,1.0,1.0,0.4954466156922468,1.0,1.0,-4.976578740429703
-0.3791089844429522,-0.8679715168348265,0.8000838642315558,-1.0,-1.0,0.2582062503055797,2.7566486875776803
-1.0,-1.0,0.8563960861015112,-0.6283051067335919,-1.0,-0.0198335367764526,1.179682949779136
-1.0,0.1077708942971868,0.4378238903086753,1.0,-0.3309660195264452,-1.0,2.091265888489853
0.7878205533228388,1.0,1.0,1.0,-1.0,-1.0,6.985636925342684
0.1919313409915868,1.0,1.0,1.0,-1.0,-0.1611603914413522,-0.44000833883406365
-0.5943973273636307,-0.1398840723942169,-0.6789856374218095,-0.5681134620206232,0.4777246491287834,0.3743606962473047,0.8372493720083586
1.0,0.8932658581335104,1.0,-0.6084678510486996,1.0,0.1705502269265584,-3.526661177192589
-0.3352048500988596,-0.6993804546189404,-0.0155629554351739,-1.0,-0.9334783990696628,-0.3367731748822768,3.387030592942621
0.1915553396243297,1.0,1.0,1.0,1.0,-1.0,-6.189135089323786
1.0,0.4006386927212579,0.9137463739036796,0.0495190179419235,0.2513356162309088,0.0768806444436229,-0.6906600212295948
-1.0,-1.0,-0.2541699555939429,-0.96676051511662,-1.0,-1.0,4.952674637333395
-0.6076556057846534,-0.0238013587063601,-0.7335907798792953,-1.0,-1.0,1.0,5.521132259101671
1.0,0.2120433475000607,1.0,-0.2820478026367849,0.0248245311169685,1.0,-1.271954143086329
0.435904930154998,1.0,0.7649631571767688,1.0,1.0,0.7809980008242599,-5.085959452157303
1.0,1.0,1.0,1.0,1.0,0.1566504193887206,-8.603388358957648
-1.0,-0.4989856030070738,-0.4790516755169063,-1.0,0.1274826949359291,0.9403952761902152,0.42277298600860214
1.0,0.4339621660450263,0.832455336019585,0.3504525188028597,1.0,0.6933612343384137,-4.633739959292104
-0.6049807761006323,-0.8999337739847129,-1.0,-0.3173223194894607,-1.0,-0.3126912078051762,-2.8853560330589265
-0.0990422363670511,-0.4964221252143972,-1.0,-0.4431581814814791,1.0,1.0,5.004584392735792
-0.6222755344185869,-0.1384812538047979,-0.5466379956434071,-1.0,-1.0,-0.5550478460757005,0.22921495038503958
0.2659963406204391,1.0,0.6742859595156101,0.9532880205348928,-0.8890696119311421,-1.0,4.61770779392206
0.4119090295802663,1.0,0.6544136632087514,0.5735441879235004,-1.0,-1.0,3.3918188854315146
-0.1228909688692159,-0.2368932712547684,-1.0,-0.2340930031362678,-1.0,-0.0461497625107187,-1.3602151197814956
0.5875565634943989,0.6202465022124499,-0.8573744682920077,0.8354341868015016,1.0,-0.8589583151087008,-2.440456329504489
-1.0,-0.986628806387312,-1.0,1.0,1.0,-0.0880353824459496,-7.482812105256398
-0.7212183234830558,-0.4631845066727185,1.0,-1.0,1.0,0.7900903263032486,-2.032103745708383
-0.3812251759443608,-0.1347703330702716,0.5127967434000753,-0.4264694581723145,1.0,0.8176444716114368,1.5281822072183568
1.0,1.0,1.0,1.0,1.0,0.1408213017286534,-8.545070268888471
0.471936408032868,1.0,0.6267254579807948,0.8974912739913974,0.361547669742259,-1.0,1.149167787476299
-0.7154314461133671,-1.0,1.0,-0.7760546145654772,-1.0,0.9769473444801516,-0.9004961996062573
0.9438246263743848,1.0,0.6778791963156408,-0.0323507313178774,1.0,1.0,-1.531518885673886
-0.2018016874181509,-0.3113311980490321,-1.0,-0.9698249782761108,-1.0,1.0,7.387026879169831
0.8620231609172171,0.2318672035021205,-1.0,0.681392491739035,1.0,1.0,1.2398003400486464
0.1157274049681258,0.3266562820770473,1.0,1.0,-0.9743039874337271,-0.609464962446379,0.5406417410274588
-1.0,-1.0,-0.771374735369108,-1.0,-0.8606536600137125,-0.7992646218873001,2.225574307878974
-0.3353235387984934,-0.9773727828836896,1.0,-1.0,-0.5930811961473912,-1.0,7.257360978089189
-1.0,-1.0,-0.8558085576845742,-1.0,-1.0,1.0,2.2605357347146544
-0.3639340418459036,-0.2345802546375843,-1.0,-1.0,1.0,-1.0,4.3852543507090616
1.0,0.0769180508326892,1.0,1.0,0.3638161330151348,0.4905496772276034,-3.654620495646325
-1.0,-1.0,-0.564608729545758,-0.1387849410504207,1.0,0.3317939203832127,-0.4245583057193245
-1.0,-0.1397571104393651,-1.0,-1.0,1.0,0.592101040034938,2.0613493942380483
1.0,0.5266896497180651,0.903000740426301,0.4228598044682075,0.645930356560922,1.0,-3.5556779766015834
0.3031913386516212,0.5638723871784952,1.0,-0.4538458857623271,1.0,-1.0,-0.8783461904952303
0.0771852373722619,1.0,1.0,0.37826043884603,-0.1852247883781363,-1.0,-0.37097525745653304
-0.7538962943421985,-1.0,0.4676586543753231,-1.0,-0.0242936548129499,-0.9822441712882533,5.8655543580333465
0.9363636420001744,1.0,0.6561447104588853,0.5070367043789386,-0.0176886462747423,1.0,-0.5497551177972195
0.5819658362768962,-0.0484571036164023,0.8577081401186502,0.9480405108402647,1.0,-0.1791870393954806,-2.3788946714361776
0.8284377090496731,-0.7721793700421489,-0.6632262335985075,1.0,1.0,1.0,2.253750885510449
1.0,0.8624493800703747,0.5446429241725987,1.0,0.8089150955436969,-1.0,0.19808754147993857
-0.1397815829047586,0.9746383661174112,1.0,1.0,1.0,-0.4536184601697177,-5.764642662951811
1.0,1.0,-0.412575565749588,-1.0,-1.0,-0.7586772071778991,8.167724290487214
0.0614836543173207,-0.4544244996046145,1.0,-1.0,0.8908839428161801,1.0,-3.209866463667113
0.4225090421832389,0.0797067604567729,0.8765507091520999,1.0,1.0,0.7526363018797202,-2.391874116536329
1.0,1.0,1.0,1.0,-0.3131831132788802,-1.0,4.941945797435645
-1.0,-1.0,-1.0,-0.916090951870216,-1.0,-1.0,3.976255754276263
0.7591612447228677,-0.5055471998066177,0.6021188834622846,0.9438445408908016,-0.0083163047021659,-0.8706048968882925,3.0583095583546562
-1.0,-1.0,0.4715125358299814,-0.2962558443480585,1.0,0.5471612464236391,2.3975311114118387
0.7021442377735554,1.0,1.0,0.5108782981375077,0.0436178294876803,1.0,-3.986852136798801
-0.00533679922905,-1.0,-1.0,-0.6946168604485352,0.812377816866108,0.4937829532864424,-3.56031319118719
-0.0495809818692734,-0.7272034703951955,-0.1861820221528336,-0.8898461547448349,1.0,1.0,2.1117719543744755
1.0,0.8860250892060644,1.0,0.8066948214023857,-0.7240500730250892,-1.0,6.866337866108962
-1.0,0.1797783803025339,1.0,-0.3160182078556883,-0.9415880025241452,0.1517620748810819,-3.4926683233769187
0.0109555045468088,-1.0,0.3103345013880301,-0.1893662045792583,1.0,1.0,2.120119866465058
-1.0,-1.0,-0.6857784562942739,-0.5293980782029641,-0.7980535521146024,-1.0,1.8994568603653335
0.4698315486558511,-1.0,0.7468292305938293,1.0,1.0,0.7712250642316947,0.031387283996634596
1.0,0.6128926265337085,0.004575402187372,0.4425789205509545,0.9634349800349996,1.0,0.8540313986814633
-1.0,-0.5674429673579848,0.3167360755666707,-1.0,1.0,0.8632448643449846,2.888606488047428
-0.8330038575988605,-1.0,-0.2463369547179226,-1.0,1.0,1.0,1.7531566095985687
-0.2096140143093678,-1.0,-1.0,-0.0513648862644704,-0.4319867632032332,-1.0,1.6040171191971346
0.1294760589567569,-0.051416570200433,0.474100271897522,0.3655744815102666,-1.0,0.9679945900705688,2.570307664524986
-1.0,-1.0,-1.0,-1.0,-1.0,-1.0,4.574951549380453
-0.2822287562540209,-0.3709596235582926,-0.1798222054360081,-0.6749297085408006,-0.9786758668614672,-1.0,2.299080211906926
1.0,0.3159500760828628,0.4331008358759489,-0.2569533109658322,1.0,-1.0,-0.16059256872813665
-1.0,-1.0,-1.0,-1.0,-0.3510114254228214,-1.0,2.859316498206815
-1.0,-0.1288283309017053,1.0,-1.0,-0.7071712328306985,-0.5033318873787673,-0.7769113274224908
1.0,1.0,1.0,0.0316353763336683,-0.4923735147717827,-0.8818162958297864,2.2047927057675842
-1.0,-0.9992192517852672,-0.466890578416921,-1.0,1.0,0.2411146220158619,-0.8606691126756474
0.7141989308413546,1.0,0.5591379148978655,0.5389039781189697,0.0931010587896674,1.0,-0.10658756259232538
1.0,1.0,-0.8822068709091955,0.6223492490859857,0.1020331109037908,0.5716469267378159,2.757531385046444
-0.0038809494579086,0.3628389659352145,1.0,1.0,0.3072294039457062,-1.0,0.48230076635183705
-0.6637266286974326,-1.0,-0.9861534458974092,-0.5392668598067067,-1.0,-1.0,1.9423386392701882
1.0,0.7575558879119899,0.6730192451436612,1.0,1.0,1.0,-3.636824607637038
-1.0,-0.6018410634725404,-1.0,-0.1528472862696668,1.0,0.5072351136531066,-0.6092597731849705
1.0,0.6696905350206825,1.0,0.8827373536619243,0.8533423480708398,0.2803538878480351,-5.890677219227539
1.0,1.0,0.0306814303197378,-1.0,-1.0,-1.0,8.607964807764427
1.0,-0.3722596468576507,-0.6843013285514155,-1.0,-1.0,1.0,10.256281940070073
0.7785757603721484,0.3380100454296808,0.0255257158177721,0.8923556977699205,-0.7076706558624399,-0.631065647239871,3.624240597324039
-0.971635118501698,-0.8441422286954565,1.0,-1.0,1.0,1.0,-3.338227359388475
-0.8109955364544648,-1.0,-1.0,-1.0,-0.3923313220397692,-1.0,3.0271536313602034
-0.9632520210806844,-1.0,-1.0,-0.6250051367505134,0.4732525619091594,0.2497253108178492,-5.495384252184927
0.4116589318219155,1.0,-0.8813216290657053,0.8588746780201624,-1.0,-1.0,7.301239683033732
1.0,1.0,0.018920030837799,-1.0,0.3916132773654779,1.0,5.113705901258751
-1.0,-0.7233896467235916,0.7180994457589311,1.0,-1.0,-1.0,-0.8299559416283795
1.0,0.2417168074300344,0.4472894525551372,1.0,1.0,1.0,-0.3181525854574665
-1.0,-0.92244645535011,-0.3229182234524035,-0.4855567823503621,-0.5376557767885499,-1.0,2.5961049587855527
1.0,1.0,1.0,-1.0,1.0,1.0,-1.1728663030529014
-0.0430945168387422,-0.4160972058589247,-0.9319853557844888,1.0,-1.0,-1.0,0.7978687609239953
-1.0,-1.0,-1.0,-0.0578299705576932,1.0,1.0,3.553589907612634
-1.0,-1.0,-1.0,-1.0,-0.3714359207897948,-0.7288558288335232,-1.0973640180229174
-0.2328348224412872,-1.0,-0.9153132451467892,0.554320879385241,-1.0,-0.8236053826104319,-2.2912880429637577
-0.0526401732650287,-0.6174296488872606,-0.0736220846502899,-0.2027030171226682,-1.0,-0.3686036185829346,1.0517559928447167
0.6220388237747965,-0.0165796584419501,-1.0,-1.0,1.0,-0.0095301743610038,-2.4474584294772916
1.0,1.0,0.3417772068983353,-0.7339085983477764,-1.0,-0.216667127452506,4.6084230276649425
0.6307153774518406,1.0,0.239824048577453,0.0902151830509789,-1.0,1.0,5.790996752367477
0.7954152893297302,0.1381199071604935,1.0,0.6331224733109011,0.0119401517259598,-1.0,2.935926654070756
1.0,1.0,-0.8060702546751948,-1.0,-0.1337501202617161,-1.0,2.3460933207367134
1.0,0.94337798484743,1.0,-1.0,1.0,1.0,-1.268571611992686
-1.0,-1.0,-0.3551909724887521,-1.0,-1.0,-1.0,5.059923881019589
1.0,1.0,1.0,0.4377002502360927,-1.0,1.0,1.4519947761454297
-1.0,-1.0,-0.0500188000663059,-1.0,1.0,-0.95880820491827,8.722156076990284
-1.0,-1.0,1.0,0.3925690127911032,-0.0044074669229325,-0.4205407791483255,2.859845914126393
1.0,1.0,0.2384488842481356,1.0,0.7961472557761853,0.9937181820033074,-0.8477472985160901
-0.8394645002409995,1.0,0.9877012357191202,0.0770984690940539,0.8031974324919853,1.0,-1.7555798785948329
-0.3039587385750488,-0.6012457964470166,-0.1758762691167952,-0.6937536237945292,-0.8109098478193264,-1.0,3.3365342929459914
0.2899583406792763,0.8406458021969763,1.0,0.4739256817152526,1.0,1.0,-2.797989190394079
1.0,1.0,-1.0,0.350554096887131,-1.0,-0.6375070342451465,6.745344267528777
1.0,1.0,0.8468543254800664,1.0,-0.5171608263522569,-1.0,7.249170467893851
0.5231935939483534,0.313474531121215,0.9788125462707742,1.0,1.0,1.0,-3.348512358844473
0.5097839519711631,0.9979117631557196,1.0,1.0,-1.0,-1.0,4.600295041449012
-0.2927235944826363,-1.0,-1.0,-0.4171189370114261,0.395617596668389,-0.5195642704379968,-1.8211470230342357
0.1248656706578916,0.9733057756508784,1.0,0.6182737641234024,1.0,1.0,-3.6008304812946057
-0.812185935831746,-1.0,-0.0554430525188711,-1.0,0.3822239271773933,0.939469526689682,-1.857704981615742
-1.0,-0.551349085894635,-0.0436309612800265,-1.0,0.9567132210395464,1.0,4.276366369483629
0.978354831792496,0.6127727722036465,1.0,0.9609580376185668,-1.0,-0.2295308115743546,4.868457979558237
-1.0,-0.2570490026364438,-1.0,-1.0,-0.5482016783180976,-1.0,3.5662919260518047
-0.820020746232953,-1.0,-0.3820437140302537,-1.0,-1.0,-0.8756506305983853,4.955823082068871
1.0,1.0,0.9703256404249694,0.6421102257416378,-1.0,-1.0,6.926936191261259
-0.3888751642660164,-1.0,-0.9392145039735464,-0.460379191735752,0.6682601615873887,1.0,2.0759395648129244
1.0,-0.1862667056198959,-1.0,-0.3925048737917225,-1.0,-0.0993159432160712,4.285194374050024
1.0,0.5102255610824287,1.0,0.169859389061207,-0.0073985432266898,1.0,-1.4407439511158189
0.5609106811260731,1.0,0.8234767875996969,1.0,-0.4301636113397651,-1.0,4.112328612679377
-1.0,-0.1111368053433905,-0.9769692246400788,-0.0698535359241663,1.0,-1.0,5.711018042398127
0.4380758817885553,0.570723879224653,1.0,0.2850160292130794,-1.0,-1.0,2.1451752017428207
-0.1412405070402909,-1.0,-1.0,-0.554364870283693,1.0,0.2016440828307797,-3.9640532416834238
-0.8045578612221951,-1.0,1.0,-1.0,0.4235602698261418,1.0,-4.6824556188522966
0.545745220100387,-0.7759769091550563,0.0931646510270582,1.0,-0.3699907827845807,-1.0,4.693128216430072
-0.450044868151676,-1.0,0.8653807238131519,-1.0,0.6296895578498192,-1.0,7.32032589895284
0.7773307738576802,0.8488809788558596,1.0,0.5830701385636734,1.0,-0.1136566341736298,-4.599538538786396
-1.0,-0.4657641771163328,-0.7518108736825744,0.5330941284517146,-1.0,-1.0,-0.3171646353731661
-0.6041612518715851,-0.5937915397588325,-0.7913650788803128,-1.0,1.0,-1.0,5.513102239892914
-0.6878325670328624,-1.0,-1.0,-1.0,1.0,1.0,-0.27240425169911253
-1.0,-0.7993062808906348,-1.0,-1.0,0.9519366658895614,1.0,1.7598850050820116
1.0,1.0,-0.0326159459811725,1.0,0.2934640020971801,1.0,1.606985431612475
-1.0,-1.0,-1.0,-0.4181818284054373,-1.0,0.99473821575202,1.6649064609543682
0.2039160236972914,1.0,0.551141165898698,1.0,1.0,0.1431067476048142,-3.521210100741604
-0.2680630129568533,-1.0,-1.0,-0.6896450831653049,-0.4916445770809319,-0.5834701320281106,-1.009310592316988
-1.0,-1.0,-1.0,-1.0,-1.0,-1.0,4.574951549380453
-0.3130819535795028,0.431353363576648,-0.6991479783064694,1.0,0.0660700575458652,1.0,4.50262889901361
-1.0,-0.9843127385881708,1.0,1.0,0.4080207654370043,1.0,-1.784298152366948
0.4900405498669704,1.0,0.0717787126508726,0.6640428992300292,0.1180537203122777,1.0,2.3938724909212565
-1.0,-0.3619389567699029,0.0039250361417886,-1.0,0.8808902784091202,-1.0,8.076270911059153
-1.0,-0.0301615601047935,-1.0,-0.687963850829933,-1.0,-0.4297916682194174,-2.4864615353579524
0.7601346990920863,0.3729243056281086,1.0,0.1700459512119396,0.7587566071152374,0.55313534164912,-3.439713105004674
-0.020418348817812,1.0,-1.0,-0.4988578193197994,-0.4550654262069555,-0.6976831949471172,1.4897676046157127
-1.0,-0.5727530569024792,-0.8690912370905661,-0.2536998674938866,0.7581506583557105,-1.0,5.619563535055082
-1.0,-0.7487395855225343,0.9137408644294294,1.0,0.5466851493452995,1.0,-1.3105272937828123
0.495180358177097,-1.0,0.1332359899914412,0.4347629353915829,-1.0,-0.8540882306187296,5.637345436455018
1.0,1.0,0.1844159374488017,0.6509212252293275,-1.0,0.2112294617322708,3.3728952712574114
-0.0958165700340625,-1.0,-1.0,-1.0,-1.0,0.7328248411453759,3.9111615793309014
-1.0,-0.292355146053092,-1.0,-1.0,-0.8698790183152216,-1.0,2.9114310840620705
1.0,0.7735768275222863,1.0,0.6355315306241578,-0.0248943796971463,-0.4604925320233959,0.7203583775209657
-1.0,0.2060593294077997,-1.0,-1.0,0.98127920520802,-1.0,6.649462509942191
-0.1857662424481416,-1.0,-1.0,-1.0,1.0,1.0,-0.6350653217829003
1.0,1.0,0.1369651760424202,1.0,-1.0,0.202664178841631,5.001280820879051
-0.3301853203495033,-0.5078145656757855,-1.0,0.3918548541240489,1.0,0.602283454760963,1.5905082088231666
-1.0,-1.0,-0.4059670196151608,-0.9397719682281348,0.3462296741823472,-0.2136249346664773,-1.40372183440686
0.4435836429663398,-0.7568713287733555,-1.0,-0.6415983226556012,1.0,0.6859609951223693,-2.4559492601213444
0.8971968257977105,-1.0,-0.2843193260763954,-0.6999172371196616,-1.0,-0.405363682825697,7.403571397558077
-0.3303054261709863,-0.3510387684294913,-1.0,-1.0,-0.3147996278097738,1.0,4.946955575181782
-0.395401804812032,-0.7427354848615111,-1.0,-1.0,-0.9219974365861968,-1.0,4.3393098959299845
-1.0,-1.0,-1.0,-0.8877295855979934,-0.5041791135474532,-0.6153453061809004,-1.9212716377284478
-0.3977152327810624,-1.0,-0.348267982821856,1.0,1.0,1.0,4.2836213195449275
1.0,1.0,0.8815379323410537,0.9362070733958404,0.4781080634497041,0.522250204121711,-5.707209514727543
1.0,1.0,1.0,0.3589177537187689,-1.0,-1.0,5.298331405677796
0.1611367888081496,0.0365877745802454,0.2537538216753621,1.0,-0.5583514275919264,1.0,2.591764857491582
0.5889233435874068,1.0,0.9204322966596667,1.0,1.0,-0.1393640910857312,-6.249618430068983
-0.8815920214698945,-1.0,-0.5493043589108999,-0.3915001634102584,-0.0183138772196402,0.2493034797294351,-2.4580202209942006
-0.6660347323377791,-0.3901954036265838,-0.5610818822372736,-0.8087381988621991,-1.0,-0.1594067756187895,-0.43979710938370675
-1.0,-1.0,-1.0,-1.0,1.0,1.0,-1.0158406895114758
-0.6853892068177225,-1.0,-1.0,-1.0,1.0,1.0,-0.26968864467997866
0.3639622295085734,0.0797998475498416,1.0,0.8429140608151489,1.0,1.0,-2.261545021335896
0.9592081983266804,0.522024384303188,1.0,0.3170560115772398,1.0,-0.083891252544648,-3.8995892004252117
0.4682197516098993,0.1929885513116354,1.0,1.0,0.6077760538073078,0.8522046914756272,-3.509095420119754
-1.0,-0.8299495776321579,-0.0167237386124909,-1.0,-1.0,-0.6220772700148018,3.3047480798640803
-0.677979390280065,-1.0,-1.0,-1.0,0.4113378330604222,0.7119082369243779,-4.335920265038796
-0.9800710103345742,-0.3983186125894276,1.0,-0.981418037601742,0.8497932918734947,1.0,-3.012530477982391
0.9777515169720112,1.0,0.4245436967847178,0.9323178214789968,-1.0,-0.1307042965438263,4.668318435384844
1.0,0.0300343398277036,0.6463954297745784,1.0,-0.4519266023706916,0.2106714653865022,1.0594259592121333
1.0,-1.0,0.3326374405396655,1.0,0.0275210288440586,0.8726191063973625,3.631239729887812
1.0,1.0,1.0,0.1265660068620611,-0.5767201470901604,-1.0,3.319973886909335
-0.8253056774829153,-1.0,-0.8681281278746888,-1.0,0.9287118108969564,1.0,-0.30767048067648006
-0.4761258070926963,-0.7392653674539498,-0.3057608828409515,-0.5347108535197989,0.8757422076239432,-0.4953035660792391,1.929208375389083
0.6407030815433561,1.0,1.0,1.0,0.9562182055960968,1.0,-8.117140430374034
-0.5264838036492399,-0.5379711237122435,-0.9768702984552644,-0.8842242691483986,-0.8818984242993189,-0.9694550277602458,2.7932570487282242
0.389331899436026,1.0,-1.0,0.5326991350368866,-1.0,-1.0,5.709645854587999
-0.0622257473337022,-0.1366291766160443,-0.4120858096008621,0.9991804285247052,-0.2820538568577053,-0.3927029913378168,-0.17202456206284855
-0.9619986818869488,-0.5126724286518711,-0.2960446398819591,-0.8004991990551151,0.5563990201828668,-1.0,5.920603924821878
0.2654751987260642,-1.0,-0.45887210222713,-0.8748721458456987,-1.0,-1.0,8.148924918780457
-1.0,-0.4619732827127882,-0.1185477684845914,-1.0,-1.0,-1.0,2.0683743200716016
-0.4215735398421485,-1.0,-0.6656129804374142,-0.9955875363866336,0.4678213900726971,1.0,-1.0513240281746912
0.6375088462750702,1.0,0.2899451275441413,1.0,-1.0,-0.7221970124310482,6.307354005690975
1.0,-0.7178813201817116,0.6377776959108203,0.8420095976591402,-0.884287969535299,-0.2797551827649911,5.662617128072652
-1.0,-0.0330655335549101,0.2616897183752902,-1.0,-0.4823235850769825,0.1641761850329999,-1.28678916319615
-0.0703801559368852,-1.0,-1.0,-0.2784449466924883,0.4186559913775347,1.0,2.360947213678631
-1.0,-0.5187405337541233,-0.355076372668027,-0.8319211687281876,1.0,-1.0,7.765311771264681
-0.6542853478688542,-1.0,-0.1589801204904366,-0.8177527014499415,-1.0,1.0,2.0708698502596787
1.0,1.0,1.0,1.0,1.0,1.0,-10.05291695626767
-1.0,0.7705917462358338,1.0,0.8740186210104355,1.0,-0.7413967714704144,-3.069790655863356
-1.0,1.0,1.0,1.0,-1.0,0.216842839476137,-5.687892100842786
1.0,1.0,0.3169760618896045,-0.9006543678019938,-0.3297437005510455,-1.0,3.549036101935037
-0.004924235260987,-1.0,-0.2217946084617157,1.0,0.22210965880111,-1.0,0.7643029318105649
-1.0,-1.0,-1.0,-1.0,0.92132264340806,1.0,-1.2272921373813952
0.4158715537645809,1.0,1.0,1.0,1.0,-1.0,-6.3350170176922465
0.2441340107991509,1.0,1.0,0.7510529308496894,-0.2051439825000611,-1.0,0.3871052712347617
1.0,1.0,-1.0,1.0,1.0,0.5316473046953389,-2.8530227759127516
0.5910462118301962,1.0,1.0,0.1841368163434167,1.0,0.2318322505467254,-4.322682756929613
0.9863842744603292,1.0,0.5188917201538132,1.0,-0.321920979491701,-1.0,7.329969362398444
-1.0,-1.0,-0.251828380961151,-0.1302222728538371,-1.0,0.4509649178647601,-2.8069056776566117
0.822969999603377,0.6571404154584759,1.0,0.3478846667517112,-1.0,-0.557827161965109,3.437804208903651
0.4725377449648262,-0.3871566181511756,-0.3241003184869657,1.0,1.0,-1.0,-0.8050440441559701
-0.8867980280803789,1.0,-0.0258583481150596,-0.918888557121728,1.0,0.4949840152103297,5.581566256313902
0.5531545104703746,0.3651396361327008,1.0,0.5462098316496751,1.0,0.2288000117648847,-3.2452399780109715
1.0,-1.0,0.6350933028176542,0.950634239889824,-0.8302219943191314,-0.816488312980761,10.054157375601134
-1.0,-1.0,1.0,-1.0,-0.2796469349402408,-0.5186636412045256,3.0681915490992866
0.4095043593939358,1.0,1.0,0.8350224392914907,0.4545855862365904,-0.4058129619998898,-3.4834052872054166
1.0,0.2859036066344882,0.0028771038969412,1.0,0.9710418608587787,-1.0,0.08878838439734693
-1.0,-0.454323889049437,-1.0,0.0351752017945936,-1.0,-0.0291403302249839,-3.8528926177608542
0.5551313381592773,0.2109298425088412,0.6666034214781422,0.5992676285254279,-0.0067388346991275,1.0,0.7934361918052945
1.0,-1.0,0.2136062521396928,0.5988622321316646,-1.0,-1.0,10.717918184150127
1.0,1.0,0.8224760997641971,1.0,-1.0,0.6819310157284441,2.7937233091881235
-1.0,-0.6778949911205514,-1.0,-1.0,1.0,1.0,3.3780271291845128
-0.5903084624464807,-1.0,-1.0,-0.8276872769838144,-0.5914019951801164,-1.0,3.139664518634143
1.0,1.0,1.0,-0.0814429791813153,-0.1227464175393577,-0.2812904982902475,-0.7783667513058361
-0.3558309844334457,-1.0,-0.837076566517639,0.3908652645113746,1.0,0.1803635979027325,-2.492768706571572
-0.9067886078884472,1.0,-1.0,0.7075705023853023,-0.3446075730763007,-0.6705610458193672,4.387908203170415
-1.0,-1.0,1.0,1.0,0.9507759749679684,1.0,-0.9557579867224126
-1.0,-0.9614181681696335,-1.0,-1.0,-1.0,-1.0,4.555301061951257
-1.0,-1.0,-1.0,-1.0,-1.0,-1.0,4.574951549380453
-0.4373250560088078,1.0,-1.0,1.0,1.0,1.0,10.065781392766995
0.5929378423515221,1.0,1.0,1.0,1.0,0.1729458855901176,-7.665464547873986
-0.3992732949370394,-0.817293156125821,0.4195620896952374,-1.0,-0.9274389599183784,-0.863288219793878,6.15900350706622
1.0,-1.0,0.0779933416427482,-1.0,-0.6053161525698323,-0.1496072585274466,6.289003761457634
-1.0,-1.0,1.0,-0.7415169153295644,-1.0,-0.0596214296347086,2.0131078447786512
0.5300265394257329,-1.0,1.0,0.9384429641486084,1.0,-1.0,-1.455529326823103
-1.0,-0.1048201680032225,-0.2199904838380542,0.1628329630186196,0.5871170628501032,1.0,4.373236812742542
0.964190850678349,-0.345701767212623,-1.0,0.5825021519518363,0.8950223680660019,1.0,0.9573433312078825
-0.7574311120913053,-0.721706335671277,-0.6759773920804366,-0.6524487995237314,1.0,-1.0,5.432950925971346
0.2790585530656775,-0.3430903721916507,-0.4371680800193933,-0.9216237497163468,-1.0,-0.0035745917628633,2.6771719018403237
-0.0052779765670576,-0.7857000760460902,-0.0896927191639453,-0.8079276116793657,1.0,1.0,1.741766871614054
-0.2023830546129281,-1.0,-0.9737989012184098,-1.0,1.0,1.0,-0.5578669913018328
0.1149702861935972,-1.0,-0.7043191493236343,0.9716192295498652,-1.0,-1.0,0.6595993795256693
-0.2786292695528156,-0.4883309359980134,0.7162881612039946,-1.0,1.0,0.9737862223312546,0.3563813761699513
-0.0298598533079299,-1.0,-0.2073954184727164,-0.8204954791344419,1.0,1.0,0.8502354595418816
-1.0,-1.0,-1.0,-0.7876317894817282,-0.1647706332615282,-0.0006760435459194,-5.980111873179373
-0.8720237293598161,-1.0,-0.7763482429325606,-1.0,1.0,0.5531801565363414,-3.357989935199113
0.7050690376710236,-1.0,1.0,1.0,-0.6484429605953517,-0.9900771749814412,7.634745473959072
1.0,1.0,0.3821137023773997,0.7020255451889503,-1.0,-1.0,8.862776033670801
1.0,1.0,-1.0,-0.9717421744389284,1.0,1.0,5.966172947429769
-0.5190446768808856,-0.9485905920042306,-1.0,-0.5102145794754211,-1.0,-1.0,1.9763329661835605
-1.0,-1.0,-0.8739169374764688,-0.3868188810492414,-1.0,-1.0,0.9363525027927909
-1.0,-1.0,-1.0,-0.4276253019049951,-0.5621142571009328,-0.8956290804125262,0.8401631911868177
1.0,-1.0,1.0,1.0,1.0,1.0,-2.99315182496373
0.1824340647977222,1.0,0.1296043772476187,1.0,-1.0,-0.8020921822555966,4.896518234780855
-0.2265766810530538,0.9900193111599428,1.0,0.7900417102007602,-0.5722410422859903,1.0,-4.9985328985894775
-1.0,-1.0,-1.0,-1.0,-1.0,0.7472767778921123,-0.3788993945686894
-1.0,-0.7682942411580653,-1.0,-0.6681743046657038,0.542481315354219,1.0,2.974245644687563
-0.967619638352054,-0.9116423849506596,1.0,-0.5958704880907852,-1.0,-0.5885749479165254,2.817676041825124
-0.2826103364433412,1.0,1.0,1.0,1.0,1.0,-5.893420225989853
-1.0,-1.0,0.6456648646259193,0.4915002217532722,1.0,1.0,3.2178034129385895
1.0,1.0,-0.177776899163458,1.0,0.3668781198136164,0.3525260464192452,-0.2940009101287828
-1.0,-0.1617482802964636,-0.3285659372488354,-1.0,0.5550019499012921,1.0,3.918997271873374
1.0,0.7314947914946952,1.0,0.3329056495340994,0.9171566363966752,0.6682328473083066,-5.88377890675936
-0.6111021018507194,-0.0734247392866775,-1.0,-0.6062671042365695,-1.0,-1.0,0.8054079635421664
-0.1598947981260414,-1.0,-1.0,-0.3515725495709945,1.0,0.0450726926619413,-3.6738820950801956
1.0,0.518987104386659,0.8110882602724756,1.0,-1.0,-1.0,9.515269872216038
-1.0,-0.3194428736105286,-1.0,-0.9598588161731768,-0.342917054024777,-1.0,4.147402108728695
-1.0,-0.8420583445635619,-0.0190352950366956,-1.0,1.0,0.5144197800426185,2.049336856141516
0.5775830770280921,0.1673481050917427,0.499412794257855,0.4873343587287169,-0.4029787258889199,-0.9605823005188804,4.305475209147926
-1.0,-0.783436710372343,-1.0,-1.0,-0.3619156584250587,-1.0,3.7750652809261798
0.9535141354726616,0.2572332697730473,1.0,0.979248539072084,-1.0,-0.1764144072208227,4.17717320822282
1.0,-0.2091624714586997,-0.1126256694340699,-0.1053216319020877,0.102328081565223,0.0077503870064037,-0.11907269510058005
1.0,0.3459512587382001,0.8477927087865715,1.0,-0.3316656962051354,-0.2473400981283384,1.755517463094058
1.0,0.3358984091384127,0.5039216095812198,-0.0803065179806894,-1.0,-1.0,7.107567038139559
0.0937471395477131,1.0,1.0,1.0,-0.7024819454005122,-0.2094084112265637,-1.2239505064383933
-1.0,-0.1346969947669851,-0.0239137901552775,-0.8857924365870065,-1.0,-1.0,-0.18639330862086334
-0.6403306319270818,-0.0366423781291711,0.632574635831173,-1.0,-1.0,1.0,0.47030881229479443
-1.0,1.0,1.0,-0.3673962604136329,-1.0,-0.3387985896027889,-5.191458459923465
-0.0162111522078676,-1.0,1.0,1.0,1.0,1.0,0.6013983259060846
0.942552257583254,0.9814476315283256,0.3621364499057831,1.0,0.8575630746885083,1.0,-1.4040626286528464
1.0,-0.4582311998037953,0.4173251462478495,1.0,-0.2165564010355964,-0.3332826030716143,1.7482946382042763
-1.0,-1.0,-0.3094999363197952,-0.8457101049408973,-1.0,-1.0,3.923971936271835
1.0,0.0483955264518678,1.0,1.0,-0.6097749727391808,-0.7716611146245016,4.788312664633253
-0.9898902810764164,-0.4237851204819431,-1.0,-1.0,-0.2771544126617196,-1.0,4.256328357130213
0.853066269209175,0.4518087065643075,0.5246507776536451,1.0,1.0,1.0,-0.4968471519946598
-0.0457801925223311,-1.0,-0.989253520101689,-1.0,0.6763215925251806,1.0,-1.1299221826075663
-1.0,-0.4695876831939056,-1.0,-0.0616482961355069,0.5780240782495245,-0.8961731980479293,4.283929627934906
0.3334270936667587,1.0,0.2939149464228643,1.0,0.2594956960236525,0.7235023156050411,-0.8679740458210339
1.0,0.2554706693872344,0.2695097164662776,-0.1365481545101414,-1.0,-0.7365373647187887,5.048149099229915
-0.3049213644452033,-1.0,-1.0,-1.0,-0.5691374734976591,0.8781644358685483,0.9125724595968685
0.1786709463680773,1.0,0.5126141345375437,0.548242233745365,-1.0,-1.0,2.605173201045357
-1.0,-1.0,-0.5794649204511448,-0.6516356287243472,1.0,0.4922549938929317,-0.949377488776431
1.0,0.7755893294701643,0.5539818274727315,0.1324949622362248,-1.0,-0.515878227674895,3.6851765456623737
-0.4761398063099116,1.0,-0.1346443747759218,-1.0,0.8221074267666852,0.8230852104114639,6.477715637002577
0.2152039620289254,0.5984469990486281,1.0,1.0,-0.2750681028015633,0.1130046937987583,-1.566580640446972
-1.0,1.0,-0.5651479516585591,-0.6328511762357767,0.9223804485088434,0.350944782677393,5.663023393032564
0.7728988957891016,0.8867987940967561,0.5345497613691703,1.0,0.6170758275906005,1.0,-1.573262070468282
-1.0,-1.0,-1.0,-0.0263554063525321,0.0480690366349951,-0.5694002298914869,-2.1400185483987286
-1.0,-0.2468162887251961,-1.0,-1.0,-1.0,-0.8669803481054588,1.175751725679872
1.0,0.238283895295382,0.4043916545399211,1.0,-1.0,-0.042035213980647,3.8095222446341057
1.0,1.0,0.7530570589134868,-0.4662083460748512,-0.6883391825199423,-0.6311140789782663,2.1505394028666958
-0.491647548726861,-1.0,-0.966355586039046,-1.0,-0.1820685395241998,-1.0,2.826432538301822
-1.0,-0.8752445318848385,-1.0,-1.0,-0.1686355314040237,-1.0,3.3723917324161823
-0.7532599009820315,-1.0,-0.9601727912425712,0.4142026856538021,-0.5938570431628571,-1.0,0.012183520832152905
-0.928482990329992,-1.0,-1.0,1.0,-0.7828149889680218,-1.0,-3.340159394947342
-0.1853327920578256,-1.0,-1.0,-1.0,0.5432329527227269,0.3328518905879656,-5.015580125235079
1.0,0.9437239626092032,0.7351722123342306,1.0,-1.0,-0.7209820086797598,7.85317979916441
1.0,1.0,0.193726867228422,1.0,1.0,1.0,-0.6582041998410513
-1.0,-0.6809088397528678,0.5413233692453985,-1.0,-1.0,-1.0,3.5209209168772246
-1.0,-0.5577991925567274,-0.3993146403417469,0.8261652810892584,0.0479864485416206,1.0,2.525820448041077
-1.0,-0.3958202785570128,-0.3244275553484654,-0.7462357270401481,-1.0,-1.0,0.6455456374158776
1.0,1.0,1.0,0.0603635438404883,0.7488143407884797,0.4522757743023209,-5.238899286655391
-1.0,0.9704816446755328,-0.879311138927255,0.0118500836361197,-0.5631849682482923,-1.0,5.163363031018706
-1.0,-0.0459357089392606,-0.1968856159915637,-0.0203865751513774,-0.1469927750501769,-1.0,2.7319267749638483
-1.0,0.7390817060708268,-1.0,0.0166097016992581,0.2838933923788733,-1.0,7.654887920438357
0.3446939421404975,1.0,1.0,1.0,0.1847932624970099,1.0,-5.970707861285289
-1.0,-0.0789975189085347,-1.0,0.9502320781851824,-0.8716280873624371,1.0,4.148877781216445
-1.0,-0.4414865085642483,-0.983425463145874,-1.0,-0.968932846670693,1.0,4.920568500031937
-1.0,-0.1836409663628535,-0.2051279576506455,-1.0,0.46296285651545,0.0510564178138597,1.2151253588784199
1.0,0.2709266972217958,1.0,0.1087235064150116,1.0,0.6458170026467194,-5.768802458204338
1.0,0.3967061411642743,0.0964871204312696,1.0,-0.833319175604174,-1.0,8.755262931827584
0.933070926836702,-1.0,-0.9663790456437488,-0.6213175793455943,-1.0,-0.7720329535167647,7.002264791506249
0.2939209619604623,1.0,0.4398026205340435,-0.6253989246599192,1.0,1.0,4.62523763834356
0.3735073648769615,0.9441036506460196,0.9494134758260122,1.0,-0.9393026751650508,1.0,-1.7127169216217308
1.0,1.0,-0.2675444845573056,-1.0,1.0,0.9830770348093054,6.203090163333679
-1.0,-0.8964826826658439,-0.1955210633958717,-1.0,-0.2390776511493804,1.0,-2.8446243467141286
1.0,-1.0,-1.0,-1.0,-0.3580153515134552,-1.0,6.676767992183418
-1.0,-1.0,-1.0,-1.0,0.5073748830008014,1.0,-2.0732884921687544
-0.3033245503424575,-1.0,-0.6028404724872036,0.4579983927422213,0.99194039613873,0.423578406235416,-0.9047536026088152
-1.0,-0.4760859677450286,-1.0,-1.0,0.3198582358235902,0.3089878748816062,-2.7789245228270087
-1.0,0.9769907155199092,-0.9101096522658192,-0.2702836033746958,0.7740805453817057,1.0,13.78048849879228
1.0,1.0,0.374526679885206,0.8652604508191974,-1.0,-0.6894158468864346,7.14737146048418
-0.5016814390555526,-0.717116871392981,0.9145166187943756,0.1863342874295643,-1.0,-0.1569584678990476,-0.34141187861367306
0.8036483918309789,1.0,1.0,1.0,-1.0,-1.0,7.1415754633703585
-0.7253658024386314,-0.2409466340741286,-1.0,-1.0,-1.0,-0.3951667404134611,-1.2376525197853139
0.7008491831653967,0.6045895834131711,1.0,1.0,-1.0,1.0,0.4453942859335908
-1.0,-1.0,-0.8769506688916133,-1.0,0.1449116955998219,0.4183638699278815,-6.3389178942257995
0.3315829806371393,1.0,1.0,0.8331525007388785,-1.0,-1.0,2.3919672272301393
-0.3020627555797064,-0.3627211538601946,-1.0,-0.0186572834337603,1.0,1.0,6.994902884111729
0.0390281993126746,1.0,0.9859204603375924,0.6749533467661557,0.3512891174547792,-0.9062524341133172,-1.718288969883822
0.8702783813750414,1.0,-1.0,1.0,-1.0,1.0,11.693039401700608
-0.790798990334779,-0.988673022806263,-1.0,-0.1509788190064969,0.7024140931477354,0.5229341535615155,-2.2165638355764714
0.6483398138765231,0.9722151939479572,0.6347658158486267,0.4948921695316339,-0.9322112298543964,0.3438308462972002,0.47648666174259025
0.6865962025998895,0.6441082659269148,1.0,1.0,-1.0,0.4166368233846507,0.7270764457004367
-1.0,-0.9696168740248912,0.6399132298233998,-0.9833819412093284,-0.6657435296283829,-0.8654828488469541,4.9090626540457425
1.0,0.7140327768377288,-1.0,-0.7826936629226144,1.0,0.0593621280779794,-2.761043484756222
-0.3904717535552637,-0.3280632957328886,-1.0,-1.0,-0.0099452150615406,1.0,4.807334949314637
-0.0341907577947668,-0.6186492586976435,1.0,-1.0,-1.0,-1.0,5.250482951377501
-1.0,-1.0,-1.0,-1.0,-0.338426328295915,0.3561155576423449,-6.326414068960151
-1.0,-1.0,-1.0,-0.7779363773980386,-0.4050617547149415,-1.0,2.9350549416719685
-0.8274777459326572,-1.0,0.2274873643851476,-1.0,0.7074969740086099,-1.0,7.7940788465741
-1.0,-0.0513311471273412,-1.0,-0.7901385934272933,-0.7259352559885988,-1.0,2.609714021892268
-0.4078327326473294,-0.8763841913919785,-1.0,-0.6914424948519566,-1.0,1.0,5.252422750771574
1.0,1.0,-0.4959058540701508,0.983579893248377,1.0,-1.0,-0.4026316918444799
-0.5900485327735989,-0.3929794942976929,-0.8141186412358024,-1.0,-0.1227773386226611,-0.015928629311662,-1.539208446479209
-1.0,-1.0,-0.8548321794067812,-1.0,1.0,1.0,-0.34199815657182686
-1.0,-0.5180883328326349,-0.7951049375760333,-0.2935915742133379,-1.0,-0.5712497234555425,-1.8570692824113602
0.4620504281892887,1.0,-1.0,-0.9239808796840172,1.0,1.0,9.925410663986284
-0.9777148232590804,-1.0,-1.0,-0.3096234524036181,-0.3733813518500066,-1.0,2.6429241816222815
1.0,1.0,-1.0,0.4460729896463309,-0.90568310028939,-1.0,8.850864430873363
-1.0,-1.0,-0.3223821972348655,-1.0,1.0,1.0,1.6469334673162126
1.0,0.9196710886671212,-0.0043232307448857,1.0,1.0,-1.0,0.4484118455770332
1.0,0.2137685709610166,1.0,0.1001806611330027,0.8959169411166457,1.0,-5.350983001097509
0.8522030726274523,0.2501433379542628,0.4524794016045732,1.0,0.7139364968236934,0.8668225578386799,-0.7491796166961828
-0.9442836731500244,0.6166589518979073,1.0,1.0,-0.1429144051759294,-1.0,0.44927583302366025
-1.0,-1.0,1.0,-0.9104178664215548,-1.0,-1.0,6.123398861007233
-1.0,0.2012361977662333,-1.0,0.6904727344514798,1.0,-0.1353146461230927,-0.1937028245620217
-0.1237713175238313,-0.9369514876140124,-1.0,-1.0,-1.0,1.0,7.423163387003402
1.0,-0.7641468876441333,-1.0,-0.5421092676590575,-1.0,-1.0,8.259607925570622
-1.0,-0.7905281251006295,-0.3098327091430009,0.6820719163470417,0.7282676006591999,0.9923226153029644,4.360628174748502
0.8650565311781386,0.2111908655950156,1.0,1.0,-1.0,1.0,1.739682716139571
-1.0,0.4751721988512238,-0.0064132584695113,-1.0,-0.9448599404725536,0.6637327322824784,-0.05877451197907646
-0.7460631694814508,-0.721858688087947,-0.4952615913616842,-1.0,1.0,-1.0,6.7768531300203865
-1.0,1.0,0.9301034405155242,1.0,1.0,0.4844746430385578,-7.849392983398861
0.6020490767771625,0.4210824127527373,1.0,1.0,1.0,1.0,-4.382347518322332
0.3479359500325798,0.1691554161526369,0.0884692766121422,0.1521874392047204,1.0,0.4979760077445823,-0.23288075672830078
0.3694078127439166,1.0,-0.5762155805808444,-1.0,1.0,0.0283140064818474,2.40759218295148
0.8108515189975971,0.621228930471285,1.0,-1.0,1.0,-1.0,-1.929543994263601
0.0225204258368936,-1.0,-1.0,-0.8866417590000066,-0.0480193875958456,-0.4490690607567045,-2.1517150601165818
1.0,0.3985567258922189,1.0,-0.7693777691959325,0.7897466031474927,1.0,-3.8403777163968695
-1.0,-0.77820677674528,-0.0003938025817165,-1.0,-0.4615231442486547,-0.9923328009835352,3.7611602157103303
1.0,-1.0,-0.2628131294650344,0.1087736328460915,-1.0,-0.9905753920670236,7.9196511862451295
1.0,0.5087204825013549,-1.0,0.0503276561623908,1.0,0.8924119860936304,-0.6435492064042974
1.0,0.7370974174691824,-1.0,-0.0464861610528624,-0.3781715059950332,-0.2412810740417179,2.5947214149530233
-1.0,-0.4706658616292869,1.0,-0.5918549308109469,1.0,1.0,-2.281664902713899
1.0,1.0,1.0,1.0,-1.0,-1.0,9.27236829232994
0.8368214347971941,-1.0,1.0,-0.4832031778564059,-0.0567622023042586,-0.2943698314464991,4.612554004536561
1.0,1.0,0.0507510409214271,0.2124403218694204,-1.0,-1.0,6.584775396064556
1.0,1.0,0.6436076432526991,1.0,1.0,0.3133636974407967,-5.969504738393715
-0.5517192036976595,-1.0,-0.1013647521358878,1.0,1.0,-1.0,0.4396488732029815
-0.554489681603477,-0.1112748511740575,-0.7187601749389103,0.4557512635809972,0.5077407194343591,1.0,6.155734854637281
-0.4724755254417785,-0.9729665364011368,-0.735900928342796,-1.0,-0.6527731583493988,1.0,1.8533088679217276
0.6526644251049325,1.0,1.0,0.915119599389753,-1.0,-1.0,5.1718128545647275
1.0,-0.2325768495738975,-0.8665854254744001,-0.7477941827843184,-1.0,-0.8126983901114022,5.89352109767384
1.0,1.0,0.6563888075423543,0.3655474103750222,-1.0,0.6337321390716479,2.0825864481659746
1.0,1.0,-0.0082932478048758,-0.7401530702303944,1.0,1.0,4.484033033544325
1.0,-0.4289484586767518,0.556549150543906,-1.0,-0.8880888143583343,0.8426220422791475,5.8274928617282225
-0.4773922455220389,1.0,-1.0,0.8720049871849098,1.0,-1.0,4.076580389066015
0.4203043278685243,1.0,1.0,0.1957815410740289,-0.4896790283351608,-1.0,0.22514225849868585
-0.6664296183840865,-1.0,-1.0,-1.0,-0.9586927228995192,-1.0,4.777012333789143
1.0,0.4367420137603293,-0.1942533057998097,-0.9707817004945678,-0.4455825145884411,-1.0,4.370824038891855
0.6233038348395372,0.7374615729508229,1.0,1.0,-1.0,-1.0,5.506919880395239
-1.0,-1.0,-1.0,-1.0,-1.0,0.7789231267853145,-0.04935813856275617
-0.3041967702480507,-1.0,0.6583823341815294,-0.9712651501257176,-0.3299097633370731,-1.0,7.105143741842303
-1.0,-0.2912451353882608,1.0,-1.0,-1.0,-0.0702050943522283,-1.4601244045031443
-1.0,-1.0,1.0,1.0,-0.0960186929461928,-0.1462438240925203,-0.32023699240579306
-0.1388750725079484,-1.0,-0.0474130320193697,-0.0117302899060687,-1.0,-0.7792893124827742,2.3929926804019406
0.0697395840997525,-0.9355222011982272,0.0379950117602827,-0.8457055356258594,-1.0,-0.6610867995630385,6.654626444529828
0.518371697868028,1.0,0.0131956617845894,1.0,-1.0,-1.0,8.306027542737175
-1.0,-0.946873285580802,-0.6113139603883808,-0.2097784492478338,0.5963569835084033,1.0,2.4969436292627343
0.3635040074936242,1.0,-0.8587046689571141,1.0,1.0,0.6459234093261053,1.1056131115603343
0.7733987147131871,1.0,-1.0,-0.305147908627027,0.593951890992543,0.4657076558140207,2.279714558294045
-1.0,-0.6633824502186907,-1.0,0.2389110720095217,0.764294872984278,-1.0,4.769448715005533
1.0,1.0,0.016024277524564,0.2643463288317478,-0.8103646233922941,-0.5143469875236013,3.3273018843575852
1.0,0.0813395972901813,1.0,-0.4448703747714766,-0.7705406653071327,-1.0,6.5038028682055895
-0.1174526972051814,-0.3078784433591284,-0.8003408014983457,-0.2815966201112729,-1.0,0.9493793133108004,4.645738841345313
1.0,0.6933897407943042,-0.6326035167635151,0.2762633962911496,-0.1942192326527585,-0.4270451166321121,1.5233468780943549
0.7473083830880916,-0.0143687107686742,0.1853912496846754,-0.3270084061724492,0.8438037329182337,-0.2344266071135679,-1.2266390421457696
0.707951715099548,-0.5507351347322527,-0.1633164694818178,-0.2678345805870354,1.0,1.0,0.02536575198250912
1.0,0.7728271171278911,1.0,0.159590550159492,1.0,0.5013076032813251,-5.603651112880776
1.0,0.7545722098071124,0.0076504003456951,1.0,-0.746679811702313,0.0879390505348571,3.4703575546569594
0.9026433543183164,1.0,0.5373474624523094,0.2189076844580881,-0.9253383809372442,-1.0,5.213409618726315
-1.0,-1.0,-1.0,0.5424778819581997,-1.0,-0.0636812850460677,-6.824377063482162
1.0,1.0,1.0,-0.1459750482685162,0.2574636722480001,1.0,-3.4991821895811017
1.0,0.9799823283708712,0.5457294403418866,1.0,-0.7961254433081477,-0.5613211095247224,5.96383011441667
-1.0,-1.0,-0.3009441275819804,-0.5844900519730276,-1.0,-1.0,2.296333005932961
-0.2414966837101311,-0.9303180464694852,-0.3149904473124669,-0.0674894439808415,-1.0,-1.0,2.147208678332849
1.0,0.7111422527206455,-1.0,1.0,0.8998771548661875,-1.0,-3.4816765182144125
1.0,1.0,-1.0,0.4873084771444231,-1.0,-0.0726395523817931,6.627809392662183
-0.2610139276917251,-0.1555716082501717,0.40689441709495,-0.0792429691539908,-0.7220305433479073,0.3839350131876111,-0.6187583074891307
0.1674955537335043,1.0,0.1977906028085734,0.7011329770210224,0.0179392280879653,-1.0,2.859650382346736
-1.0,0.2640227793776351,-0.948070042831479,-0.2681207364278728,1.0,1.0,10.049408375464928
-0.4849161904540287,-1.0,0.8518278520947231,-0.6863582025164567,-1.0,0.2911321889592593,1.7942137478462503
1.0,1.0,1.0,0.5695248024155484,-1.0,-1.0,6.369846106234233
-0.7478856155974967,-1.0,-0.9410365577364412,-0.031860222949815,-0.7101829266526172,-0.9438340731243416,0.19458826673247365
0.2435372527043917,1.0,0.2738124034245026,0.4366523271781197,-1.0,-0.3223683109978288,0.6686229220972184
-1.0,-1.0,-1.0,-0.4900033025605834,0.923252370590366,0.8980593873826381,0.11450122930354412
0.9466151018488268,0.9668745137454352,-0.4369952960364973,0.4539785735191772,-1.0,-1.0,7.457288059489958
0.1467913562068843,1.0,-1.0,0.8703369418809048,0.7528034221254805,1.0,7.4054251156179465
0.5774962541766637,1.0,1.0,1.0,1.0,-0.1733967452286158,-6.837655127590622
-0.5948995227750149,-1.0,-1.0,-1.0,1.0,0.2834984039029538,-5.767869066400502
1.0,0.2958429941000526,1.0,0.3688764923375467,0.4367552909322933,0.486810351193421,-2.868796882457638
-0.9677783446399948,-0.5642633954888048,-1.0,-0.2148381948505551,1.0,-0.4643069791204688,-0.7561934419572909
0.6508410449157025,-1.0,1.0,-0.91350513132856,1.0,0.3716827322535603,-2.956289600677971
-1.0,0.198714860643248,1.0,0.2846939772736903,-0.450678784090661,-1.0,0.8664721458084397
-0.2373808960523398,1.0,-1.0,-1.0,1.0,0.5973566242739168,7.7656882878359
-1.0,-0.5283250567564695,-1.0,-1.0,-1.0,1.0,4.973190627595237
-0.8249464347967752,-0.0563188952699669,-1.0,-1.0,-0.3486981782935059,-1.0,3.289375643333306
1.0,1.0,0.501202572927874,1.0,0.7293216951125558,1.0,-2.631104238200028
1.0,0.03094385750385,-1.0,-0.9904001009079018,0.6166646769789361,0.5339651586644036,-2.081064749810259
1.0,0.8764917523469979,0.2468532886402992,1.0,1.0,-1.0,0.14432263265011636
1.0,0.8071557769394648,0.5654985895500122,1.0,-1.0,-0.2149268086866071,5.0756833887751185
1.0,0.7866871756211984,0.0418365191270848,1.0,1.0,0.256752708154462,-2.4445634049444047
1.0,1.0,1.0,1.0,-0.4836380874069439,-0.1103333964491966,1.6242099027336807
1.0,0.8166218614185539,0.9965015019735002,0.7936839870684185,0.4607469527099472,1.0,-5.766438488227774
1.0,0.4432685727937588,1.0,0.1015226388525998,1.0,0.942280101847598,-5.597029473463499
-0.5859999537277272,-1.0,-1.0,-0.6917933116984811,0.4598857038642105,-0.1543260816852396,-4.2712410305159185
-0.9672900081708976,-0.7497270061326122,-1.0,-0.7391026833012304,1.0,-1.0,4.873007605315101
-1.0,-0.709743610601776,-0.3746454508050212,-0.1713658528690216,0.2860397680336737,1.0,2.0124921518418475
0.1563583815901872,0.1810507144724298,1.0,1.0,0.1198625097202183,0.0047406293218259,-1.4177416202765922
1.0,0.3373601405516147,1.0,0.3032525752423027,-0.7647415142400293,-1.0,6.726830602197538
1.0,0.63992884934081,-1.0,0.580869832029218,0.9866415245490744,1.0,0.60383901729509
0.3411232298724325,0.439835048171628,1.0,-1.0,0.780116435478311,1.0,-0.5567275444132147
-1.0,-1.0,-1.0,-0.2681153873777202,1.0,1.0,2.906330194932309
0.6473536886692073,1.0,1.0,1.0,0.0378693639428397,1.0,-5.454054006964828
-1.0,-0.4232696817651558,1.0,-1.0,-1.0,-1.0,0.7277192787866955
0.4967081653534657,1.0,1.0,0.7360445857385367,0.9115579303718592,1.0,-5.8464357364507915
1.0,-0.3901034733883466,-1.0,-1.0,0.8370390814699415,0.9144092061539704,-2.698084514757086
0.3061135356673548,-0.23934333239359,-0.9648800229036668,-1.0,0.432888127678217,0.8443395437052823,1.7703595734474076
0.6668548432341308,1.0,-0.0864314404481769,0.2336964548219813,-1.0,-1.0,4.707915550274726
0.3001028157691296,1.0,0.781449620125503,0.5120595217112598,-0.6391540821317092,0.9195670927299676,-0.9168760343128006
1.0,0.013723502612744,-0.4932742847750713,0.6424095476883198,0.8196711830598618,-0.3783394725940971,-2.108375729778118
-0.4740316236162278,1.0,0.6658972705559505,0.8929258418598407,0.369305110405582,1.0,-2.410210446490808
1.0,1.0,0.4417479548071412,0.3387454281440381,1.0,1.0,-0.799019864965246
1.0,1.0,0.687431562963069,0.9781211155334012,0.7716375319042617,0.7908482730015001,-5.510150463617352
1.0,1.0,-0.6256520609474585,0.083543648615884,1.0,1.0,2.8962601688726677
-1.0,-1.0,-1.0,-1.0,-0.6151368287968244,-1.0,3.3668798356784126
-1.0,-0.6756657119025613,0.1926772994674936,-1.0,-0.9377016043371776,1.0,-1.035497407754973
-0.2935443252224581,-1.0,-1.0,-0.7934039773234349,0.1184021296645354,1.0,0.6444259924889938
-0.717804081501731,-1.0,-0.5392030381217547,-0.3826685715876079,-0.5233533851513728,-1.0,2.329912483514004
1.0,1.0,1.0,0.8125265239366442,1.0,0.0867391411018867,-7.434835875289851
-0.7506583844286991,-1.0,-0.1655335140929021,-0.6560914430060141,-0.6303503113848024,-1.0,3.5958458962450055
1.0,1.0,0.1420517185517529,0.7310591594829112,-1.0,-0.4609776742153033,5.275235286458454
1.0,0.9096511583627012,-1.0,-1.0,-0.1151560836141798,-0.5203737551360139,0.8214695365438702
1.0,0.5419954248067105,0.701062059541034,1.0,-1.0,-1.0,9.806010762358714
0.0347313206964374,1.0,0.5124795197319969,-0.5143087048075488,-1.0,-0.221104162680793,-0.6406024633877321
1.0,0.3648497404150166,0.7469776340456742,1.0,-1.0,-0.7935898238581234,7.548423358231988
1.0,-0.4594597664788304,1.0,0.352428033777173,-0.9059875039842282,-0.0633539634423399,4.771965285894407
-0.7431017155565611,-1.0,-0.8445112622930502,-0.8354263738188168,0.846971785836331,1.0,0.5343983251569216
1.0,0.7358718690676593,0.5042066849779163,1.0,0.0864015267116886,0.0957588754909668,-0.6190909361561276
-0.451471826966406,1.0,0.5071601516951738,-1.0,-1.0,-1.0,-2.2775561713317725
1.0,0.6955558115545677,1.0,1.0,1.0,0.5515923825274205,-7.999927215593264
-0.2423724795843858,-0.1302259242434442,-1.0,-1.0,-1.0,0.5395239387173365,1.394126008713618
1.0,0.2947374785250647,0.7309891722065103,1.0,1.0,0.3193214894717553,-4.363778532104302
0.3752734082970892,0.2351527631642913,1.0,1.0,-0.8172473091610089,1.0,-1.4353321796392757
-1.0,1.0,-0.4960265996174737,-0.9592285663031146,0.5816306493770829,0.2455915340950665,2.767432867657675
0.1747502307914639,1.0,-1.0,0.41299027205309,-0.8328468369716944,-1.0,4.877124065216689
-1.0,-0.4461252663542001,-0.4140552309820844,0.3805503872199118,1.0,1.0,6.659414627128255
1.0,0.2259716836032164,0.954783266930216,1.0,-0.2537494618188696,-0.1501094522521211,1.0307487050749482
1.0,1.0,0.2804042637540285,1.0,-0.9798780595894576,-1.0,11.27398136895659
0.0477171413361867,1.0,1.0,1.0,1.0,0.2946023758150606,-7.114361316600672
0.2445865045530932,1.0,-0.4692133536593383,0.4953885807098346,-0.0534890161768508,1.0,5.146162603461642
0.3611148806179701,-1.0,0.9921171174940904,0.974763923026846,-0.1141616872350435,-1.0,4.1535811098851285
1.0,0.5026058277642316,0.7370813319919696,1.0,-0.1118110429342378,1.0,-0.23940651016633374
-0.7787047057875485,-0.1570948065082216,-1.0,-0.7575789748970896,-1.0,-0.8655192031057681,0.20384330914701732
-0.5459989166456405,-1.0,1.0,-1.0,-0.1644712325798241,-0.0160964820115554,0.9878982583066382
-1.0,-0.3927997609233791,1.0,0.7030158704178775,-1.0,-1.0,-1.6525206276754627
0.9588803165391652,1.0,1.0,1.0,-1.0,-0.2392331747331038,4.780704204230377
0.7953118329850573,0.7955364306305872,1.0,1.0,-0.860024732662583,-0.1022745725824649,2.5276619592399694
-1.0,-0.3734710484276915,-0.6889803418889304,-1.0,0.6233668823317868,0.5117452548400869,0.5181801185282402
0.0015197030322273,1.0,0.5472840195375175,1.0,1.0,1.0,-0.29200918851802493
1.0,1.0,1.0,0.147203675951524,1.0,-1.0,-4.847217125185672
-0.3960492695784696,0.1949952895815003,0.0470824772203264,-1.0,0.0092447485617142,-1.0,2.0666858598363627
-1.0,-0.1668433495970493,-1.0,-1.0,1.0,0.0301991393962799,-0.8924300032215828
0.6611478572280596,1.0,0.9562189164618532,1.0,-1.0,-1.0,6.130656415924982
1.0,-1.0,-1.0,1.0,0.7390250597510282,1.0,1.0312941172644021
-1.0,-0.0404663706676144,-0.8623012199467692,-0.6549857751488943,1.0,1.0,8.150109677070539
-0.5470023370334016,1.0,-1.0,-1.0,1.0,1.0,15.022582916953166
1.0,-1.0,1.0,1.0,-1.0,1.0,8.94087624833688
0.4575442638096343,1.0,0.9947863513666664,0.7827588211665681,-1.0,-1.0,2.929707123738264
-1.0,-0.0224123536493363,1.0,-0.3112197218468053,0.1562122015845395,1.0,-2.9347700988593752
0.0804030783178741,1.0,0.7421822419271258,0.856913704131663,0.6078719695505896,1.0,-2.387429782396468
0.5678581223962478,0.2283998560359237,0.2716000109496488,0.0809871873348246,-0.4823265345429426,-0.8296389146598189,2.993349109679356
0.0586326782279222,0.929951756587797,0.3247180090984758,1.0,-1.0,-1.0,5.223227043996015
-0.4660097412493253,0.2217904173701115,0.0122892601966908,1.0,-1.0,-1.0,1.9082475348360175
0.1448792278918649,0.0200997036621708,0.2608553508633222,-1.0,1.0,1.0,3.920561415963364
1.0,1.0,0.8521023278383952,1.0,-1.0,-0.7653814679043649,7.990096417250861
0.3858815874697954,-0.5908165133748149,0.7193194273501082,-0.1416667679925216,1.0,1.0,-0.9933825559544305
-0.2498926347821932,-0.7803654297444822,-0.8358955857213364,-1.0,0.0786828872135534,1.0,1.1929288347615605
-1.0,-1.0,1.0,0.8816022644625385,0.47898063367129,0.9219286462040563,-1.327039099222008
0.0589215133389551,0.4761900503964318,1.0,1.0,-1.0,-1.0,1.815844102022126
-0.4940956912098493,0.6707301884165398,1.0,-0.3374248138914226,-0.6863581129862033,-1.0,-1.464023089443344
1.0,0.6321102639667306,0.7284371982935969,0.8339317425882802,1.0,0.9030087880338336,-4.038350076518187
-0.5650110413818945,-1.0,-1.0,-0.7606774377027987,-1.0,-0.7636235816262738,1.1912368492134435
-0.5426416429982535,-1.0,-0.4030291477224272,-0.6278983207599862,0.66682635667853,1.0,1.0814486886477466
1.0,0.2729270837433637,0.7940048047732089,1.0,0.2384458013050037,0.6261355068383829,-2.4294630643822925
-0.0113844234306166,-0.1959240527628403,-1.0,-1.0,-0.4866653962959617,-0.0078381065991632,-0.9692349934937243
-0.0876208095574428,-0.3140499576838294,-1.0,-1.0,1.0,-1.0,3.2748322122164284
0.955977598303372,0.4171516091842318,1.0,-1.0,-0.343654838054457,-0.0712659264766686,1.146763739703116
-1.0,-0.5467187101453974,0.666425913811566,0.2389512912172311,0.5753710654384223,1.0,0.615306383889257
1.0,0.6667500258904617,0.9095297258887862,0.8325709563127122,-1.0,-0.957630983568573,8.377082153263606
-0.0209007851900631,-1.0,-0.0012666630106932,-0.954147434190475,-0.9338314937680758,0.9473937208229376,5.520673181154477
0.6112773711525639,1.0,1.0,0.4985298905103579,-0.383420039164887,-0.4801870443495699,-0.3480898284839271
-0.4586237087936657,-1.0,-0.1941133071233078,-0.3862476075318088,0.165425053439306,0.9605039750565334,0.32207137558446397
-0.5653230468974553,-0.2011911922176414,-1.0,-1.0,0.2058948815615546,1.0,5.613567657179157
-0.6446142290514119,1.0,-1.0,-0.1091921243037457,0.1100848462439565,1.0,12.1921637907726
1.0,0.5883240495683302,1.0,-1.0,-0.0716050302384145,0.8015585122383015,-0.6920850294678598
-1.0,-0.6190748601020666,-1.0,1.0,-1.0,-0.5601760332274401,-4.800470828361144
-0.7226369685025744,-1.0,-0.6773121374786313,-0.614215671187404,-0.4686657542212882,-0.3804616561292322,-1.5919928975433932
1.0,-0.6923408357054404,-0.6452498722350872,-1.0,-0.5637378161465827,0.3732929029487837,2.877071561413952
-1.0,-0.6567982046958314,-1.0,-0.9877489968507224,1.0,1.0,3.655927355672389
-1.0,0.2569716510384956,0.9875910268051196,-0.8007309519489534,1.0,1.0,-0.2824113005424991
-1.0,-1.0,0.4018550640728922,-0.2321919668183374,1.0,1.0,3.5921875743773177
0.06323694540426,1.0,1.0,1.0,-1.0,-1.0,1.9549129231871163
1.0,1.0,1.0,0.8388958872668624,0.7245710392517781,-0.1989261385195129,-5.216229141229725
1.0,0.4935963123548501,0.1937555333909153,0.3662104482154786,-1.0,-1.0,7.463530260555572
0.1963255847249527,0.2107771485564982,1.0,1.0,1.0,-0.4754266292596387,-1.9645635695403718
0.5507495769419617,0.145203385452298,1.0,0.1638787519155498,-1.0,-1.0,3.414884962463626
0.6932319999004735,0.7084171728274271,0.2924288964206212,1.0,1.0,1.0,0.9839083247716421
-0.5406415193746652,-1.0,-0.665613797904723,-0.7014911803788528,-1.0,-1.0,3.4309485500934183
-1.0,-0.9045041966258424,-1.0,-0.6754904298447846,-1.0,-0.4942555145104623,-1.8298313236012431
1.0,-1.0,-1.0,-1.0,-0.9794679591258416,0.0208454445773407,8.597489083444046
-1.0,1.0,0.7401802090524752,1.0,1.0,-0.7534739139391728,-3.318647709743195
1.0,1.0,1.0,1.0,0.0617747177447147,1.0,-5.42979373994109
-1.0,-1.0,-1.0,0.1823282122799288,0.2692114659623794,0.7944683201690272,0.023644588136576106
-0.0251242955844088,0.4781609497357413,-0.4905163305618627,-0.6113178275004065,-1.0,0.5213240600575462,2.031219493775149
0.8431129619637578,0.6602087118722875,0.8404296256983803,1.0,1.0,0.6017593802044694,-5.591720564218464
0.2479284098214966,0.8173937758264314,1.0,1.0,-0.6940227902671137,1.0,-3.081143557208458
0.831650434663447,0.7245794474414058,1.0,0.3708867693865187,0.0438926686194784,-0.7825173296583361,1.0515570914323
-0.2413424566417448,-0.5329542441470438,-0.6301731811635816,-1.0,-1.0,-1.0,4.0690691177156575
-1.0,-1.0,-1.0,-1.0,-0.6696684876057677,0.0255888601432974,-4.792359369433333
1.0,1.0,1.0,0.909743124336313,0.3715367209386511,1.0,-6.898615159794591
-0.1940284873155118,0.9507341089968986,-1.0,1.0,0.2012851154228638,0.8866737812136471,5.901376926936736
-1.0,-1.0,-0.5064539126687078,-1.0,-1.0,-1.0,4.836376079940557
0.9273583767450466,0.0968983226217785,-0.7528186683229581,0.8621565945359244,-1.0,-0.3656910144815553,3.52439635236217
1.0,-0.716117047048374,-0.3577597864473782,0.074142004646454,-0.843058405397846,0.4859815127071472,2.785975371097626
-1.0,-0.0857310657255536,-1.0,-0.2699357255512198,0.4550769507774335,1.0,7.888351890005641
-1.0,-1.0,-0.7138950042998709,-0.5537808462201681,-1.0,-1.0,1.712695230450302
1.0,1.0,1.0,-1.0,-1.0,-0.5432685264335599,4.921770601628449
0.7190245043061871,0.499342117679397,0.3353267970065818,1.0,0.5748252443248398,1.0,0.8815392190756055
0.3045616850802564,1.0,0.8694335063471221,1.0,0.2208518057917907,-0.3011603196802579,-2.694667763904482
0.9723392152898458,-0.9527716010202164,0.8647878143775614,-1.0,0.018287483369016,0.7975294233603183,-1.192534956030958
1.0,1.0,0.4779933152468096,1.0,-1.0,-0.6284157409891766,7.565563809044578
1.0,1.0,1.0,1.0,0.921161020820984,1.0,-9.777828907861027
-1.0,-1.0,-1.0,-1.0,-1.0,-0.6605024358652423,1.0593733725002799
-0.8100802705986991,-1.0,1.0,-0.7612242900156345,1.0,0.9072970318219638,-1.5937459488861188
1.0,0.9253828943797168,0.0746362957485908,0.2313301902652664,-1.0,-0.8053223770946341,5.117068725462332
-1.0,-1.0,1.0,-0.0506117683119979,1.0,1.0,0.24373806244356183
0.2197686555640725,1.0,0.5424447381351287,0.1686890236007536,-0.0911584528140214,-1.0,1.3510178530551509
-0.2913693370570402,-1.0,-1.0,-1.0,-0.714840727928111,-1.0,4.286944638340628
0.382412130831228,0.9802181561506652,-0.599809100739261,-0.9743034786229527,1.0,-0.9599758712790548,0.22674095831443863
-0.872598816438299,-1.0,-1.0,-1.0,1.0,1.0,-0.6154151488269259
-0.6493617071921844,-1.0,-0.9380770754919394,-1.0,-1.0,-0.534735682468582,1.4886110648361353
1.0,0.3024925596940997,0.7694992740068953,1.0,-1.0,-1.0,9.251524030784905
0.5290552374218516,0.5864370476920269,0.3052664830364933,-0.3913760669314352,-1.0,-1.0,3.365734728293762
0.3880584020413156,1.0,0.7958764933130835,1.0,0.494453216914404,-0.9164405129792836,-1.2761950524886725
-1.0,-0.3960933564705684,0.9684211733426502,-0.9261854203530676,0.2354459652136389,-1.0,3.4508894513018658
-1.0,-0.1959600742619147,-0.4939816330881179,-1.0,1.0,-0.5268152621369131,4.394726869129266
1.0,0.6584099306059781,1.0,-0.1018457774659455,-1.0,-1.0,5.682635276454221
-1.0,-1.0,-1.0,-1.0,0.7273543124790949,1.0,-1.6883677930098986
-0.3039647997023023,-1.0,-1.0,-0.0435072787413031,-1.0,-0.6339032243818925,-2.3194641962373663
1.0,0.9389323738199008,1.0,1.0,1.0,1.0,-9.531603178083854
0.7768375610409874,0.1643820587506865,0.2521223146055418,0.886268470865279,-1.0,-1.0,7.451552027279533
1.0,0.20697299161861,1.0,0.838640441631846,-0.6731410425543676,-1.0,6.815311869320096
0.6237337364435909,1.0,0.5224430893796925,0.1282906504452889,1.0,1.0,0.910739812973413
-0.5796048825943108,0.1652578718398125,-0.6184652219565351,-1.0,1.0,1.0,8.236011254241472
0.7397540993217233,1.0,-1.0,1.0,-0.7935233829151476,-1.0,9.506752710197611
-1.0,-1.0,-0.3682172976615774,-0.3133366925701348,1.0,-1.0,6.592673254181163
1.0,1.0,0.6838295911401926,0.6515548260877979,0.7465968401976721,0.8370213145199443,-4.282873096874734
1.0,1.0,1.0,1.0,-1.0,0.0624582273332039,3.9238905758559066
-0.4952431322521275,-1.0,0.2664709400820655,1.0,-0.210480764106538,0.5759624705442166,0.4702601803491917
-0.120168895287908,-0.8434576106347642,-1.0,-1.0,-1.0,1.0,7.557893669555961
-0.2429223975100902,-0.2028624643818546,-0.0043710150257199,-1.0,-1.0,0.1931177637035057,1.5008026901550728
1.0,0.1748772772700364,0.0176324168454822,1.0,0.6491509849059927,-1.0,1.6931193177496222
0.6791573115008034,1.0,-0.1064396199694743,0.6750244231835394,1.0,-1.0,0.5390049617266821
1.0,0.361082377782683,1.0,0.4161349998598693,0.1698393934081929,1.0,-2.476412659782288
-1.0,-0.9988657368673136,-1.0,-0.8812352463013804,-0.5302630770293808,-0.1727910204826939,-4.795513399792723
-1.0,-1.0,-0.8159480753852202,-0.5223209834436455,0.4365514836120994,-1.0,4.108846396148474
-1.0,-0.882258837554827,-0.3715690166249175,-0.0188953175683954,1.0,1.0,4.756915401464779
-0.1170434125920851,-1.0,-0.9345552900519084,-1.0,-0.6776782788667095,-1.0,4.540592310499679
-1.0,0.0131476235357914,-1.0,-0.2593417858629852,-1.0,-1.0,1.0095558234370103
-0.2785301742900863,-1.0,-0.5443433670655631,-1.0,0.4298863527201071,1.0,-1.0760659272560569
0.152363528840032,1.0,1.0,1.0,-0.3710525550222674,-1.0,0.9875084390332297
-0.5791697097169366,-0.4966095698690709,-1.0,-0.9693141661026174,0.9056003123457784,0.7771710730927153,2.0553790849124765
1.0,0.0300586859079354,0.1680675594952401,0.3948813641648603,-0.8814146118848996,-0.3833428118865891,3.5715269782015837
0.575792468379251,1.0,1.0,1.0,1.0,-1.0,-6.439582962906291
-0.1918187726812565,-1.0,-0.6409424115776188,-0.7373730903898492,0.3039917064689699,1.0,-0.037072462197099365
-0.3923373566291106,0.9896525825309672,0.5473114572357143,1.0,1.0,0.5060423300097243,-2.6464996876567524
1.0,0.7113277208143576,1.0,0.7194669223252315,-0.8765163510065803,-1.0,7.469477608289276
-1.0,-1.0,-0.7522714331393037,-0.7199993809017864,-0.5103803584310274,0.282476505209233,-4.185352279714621
-0.6496096364446553,-1.0,-1.0,0.6101706462156042,-0.3309074916752539,0.8490586611326632,0.8800600342612492
0.9151288634251702,0.3897490161401788,0.577242045319071,1.0,0.2795850963683337,-1.0,3.3625510420997506
0.2196023551420367,1.0,0.6962027562767128,0.1494848299201328,-0.7102432868566673,1.0,0.7212131657810718
0.3941713456904334,1.0,0.6080450150016476,1.0,-1.0,-0.5613988361416316,3.4087801761047754
-1.0,-1.0,-0.5353122275780915,-0.1554996159961159,-1.0,-1.0,0.1325032195921959
-0.3038844271107332,-1.0,-1.0,-1.0,-1.0,0.6618327777339725,2.3774247118838145
-1.0,1.0,-0.4786528523537023,1.0,-1.0,-0.0194132582100567,-0.6210718130192989
1.0,1.0,1.0,0.4205556516907893,-0.3459035311941869,-0.1300162674753968,0.08823944660791438
-0.2137041644581045,-1.0,0.1212788440581433,1.0,0.3054285942675772,0.558627372041419,0.6375596662856307
-0.3454752240138643,-1.0,-1.0,-1.0,1.0,1.0,-0.3273916081647026
-0.6703226854182291,-0.8461300660646156,-1.0,-0.4072091019127422,1.0,-0.813638843229944,1.2877240647470227
1.0,-1.0,1.0,-1.0,-1.0,-1.0,17.996297324989357
-0.6768421279235055,-1.0,-1.0,-1.0,1.0,-0.9818383222636582,2.592526243206405
-0.5355822534796486,1.0,0.489452155806056,-0.331915138053048,-1.0,-1.0,-2.7714106926063353
1.0,1.0,0.029284950453237,-1.0,-1.0,-1.0,8.609315107912451
-0.2453200832794739,-0.6068930965136856,-0.5696407355435806,-0.5288455971923278,1.0,1.0,3.7096618466872733
1.0,1.0,0.0311638548104424,0.3196124363105417,-0.3100092405516932,-1.0,5.104154182877947
-1.0,-1.0,-1.0,-0.0178107313948472,-1.0,-0.8486744338326628,-2.037146495065047
-1.0,1.0,1.0,-1.0,1.0,1.0,-0.31480319667010814
-0.9900976014551632,-1.0,-1.0,-0.7193413974132186,0.8037511358034457,0.3418220246294086,-5.865563322299776
1.0,1.0,-1.0,0.5112279217989415,1.0,0.1346003856381503,-2.0032021191654508
1.0,1.0,1.0,0.063129698678388,1.0,-0.8190860108435694,-4.817947362594541
0.7847165631475128,-1.0,1.0,1.0,-0.1929799699657917,-1.0,5.960342766091911
0.1510554527719045,-1.0,1.0,1.0,-1.0,-0.7778425500325334,4.034289502875291
1.0,0.0815331717124059,0.1319007531835354,0.2005902870900413,-0.9027303519883664,-1.0,7.205137392082138
1.0,1.0,0.6177410974395385,1.0,0.5370033924131548,-1.0,1.3716965037540216
-0.5501188318135142,-0.1904693869572731,0.1764637909860098,-0.151581570480848,0.6291597191406948,-1.0,3.982992189771842
-0.7566053119397071,-1.0,-0.8406157823845446,-1.0,0.5021549937144798,1.0,-1.3627704411270232
-1.0,-1.0,-1.0,-0.1248684499790702,-1.0,-0.5993629245364029,-3.6088189431949567
0.0671438410572182,1.0,-1.0,-1.0,1.0,1.0,12.526871407602464
1.0,0.2253767832311768,1.0,0.7645516358101456,-0.6065151155943806,-0.6838797300799295,4.70624162093586
0.6723381673975031,1.0,1.0,0.9611783288198212,0.9896437878895592,0.4684635114056934,-8.30532633213172
-0.9811008148437116,-1.0,-1.0,-1.0,1.0,0.5242674654126371,-6.366682479670027
0.7624530249969936,0.4270527696529511,1.0,1.0,-0.8899156323511501,-0.4380743714088784,3.344727209849807
-1.0,1.0,-1.0,-1.0,1.0,0.7213608352420704,10.405303420385673
-1.0,-1.0,-0.7369152500153535,-0.9350713088511295,-0.4004924798286535,-1.0,3.0170750920898257
-1.0,-1.0,-1.0,-1.0,0.865821917696115,0.7736710829480538,-4.525688581839123
1.0,1.0,0.3169809269326749,1.0,0.8865312863144974,1.0,-1.3904514933129826
1.0,1.0,-1.0,-0.9238331760147612,1.0,0.5726455063237148,1.8008838046692424
-0.141943350825642,-0.0788805265423608,-0.371021859508011,-0.0789515354128085,1.0,0.9662775992742868,4.302576571273229
-0.3624988308753927,-1.0,-0.4336980059288624,-1.0,-0.8247447806083739,1.0,3.2410167941149126
1.0,1.0,-1.0,0.2247912282591303,-0.2640462934606251,0.3883734835999122,4.5835358761768
-1.0,1.0,0.4597879005214345,-1.0,0.0103501163808652,0.9747711037416764,-0.018297121068767908
-0.6402073682807652,1.0,-1.0,-1.0,-0.0413326993902436,0.964977453748094,10.897128773214018
-1.0,-1.0,0.8567818492114943,-0.1456691955885265,1.0,0.4711818343999379,1.4508342008250201
0.2709404444838958,1.0,1.0,1.0,0.0410892044157549,-0.4682048965558902,-2.3090191636252384
0.8445578169881123,0.2447062997849509,-1.0,0.1781017403454314,0.8099575943329231,0.3407624363220196,-2.1050543060349116
1.0,1.0,1.0,1.0,-1.0,-1.0,9.27236829232994
0.1198848547030499,0.9110437706103623,0.1484102683637884,0.503579371935343,0.2327537250329505,0.9436793215421452,2.026478904553157
-0.473413872872471,-0.4821522436535812,-1.0,-0.0448431191416829,-0.8050402491213167,-0.1256939299279822,-2.0192176666385566
0.8337027411109479,1.0,-1.0,1.0,-1.0,-1.0,10.990318893830336
0.3000761552356203,0.0649417442024007,0.7931825356245632,0.2398026839268354,1.0,0.403183528801607,-1.7071542565089861
1.0,1.0,-0.5096726732779986,-0.4647212559979174,-1.0,-1.0,6.582875048384562
-1.0,-1.0,0.1842559515962086,-0.612910060667643,0.2846792288896063,1.0,-0.9025067789134746
-1.0,-1.0,-1.0,-1.0,-0.1713870681632872,-1.0,2.6424414620194048
1.0,1.0,1.0,1.0,1.0,1.0,-10.05291695626767
0.5364095647580456,0.7181684986985424,-1.0,0.4667410775350313,0.7934220287845175,1.0,5.03954537450308
-0.5060319242807034,-1.0,0.0088541774836163,-1.0,-0.8694985517722484,-1.0,6.9666922695707
-0.829001767946973,-0.9855877840172572,-1.0,-1.0,-1.0,0.2560911637796794,-1.8085245031849624
-1.0,-0.538372492503076,-1.0,-1.0,1.0,0.7108074052875906,0.503318656199764
0.6019233566086453,1.0,1.0,1.0,1.0,0.1759149651056744,-7.6918413076765795
1.0,0.0033535897522032,-1.0,1.0,0.0714222713835388,0.2296497342603938,-0.2280480145326238
-1.0,-1.0,-1.0,-1.0,1.0,0.1849384100558539,-7.505131396016855
1.0,0.0341169508837004,-1.0,-1.0,-0.7498905980753221,-1.0,5.049506002814077
-0.3369058912748801,0.9516927864702398,-1.0,1.0,0.501144991487674,1.0,8.188098756147532
-1.0,-1.0,-1.0,-1.0,0.7026413056020546,1.0,-1.7397294447406595
1.0,1.0,-0.9564747147897524,1.0,0.5412091472323863,1.0,2.6128712731769888
-0.0646316168445073,-0.471181231398142,-0.7987186283176244,-1.0,-0.330454175983863,0.1527229706169781,-0.6853184014814662
0.1801468923318954,0.2432806055134528,-0.495011123749479,-1.0,-1.0,-1.0,2.0150206700661943
0.8962963057663813,1.0,0.1287586843895738,-1.0,0.4524967665591535,1.0,4.850652231950196
1.0,1.0,1.0,0.7105220963971508,1.0,0.9239691631630632,-8.645804059483437
-0.5415039351779987,-0.623058392119684,-1.0,-1.0,1.0,-0.1804340236482697,-2.0628837718316673
1.0,1.0,0.2861269384047311,1.0,0.9917173295676276,1.0,-1.2366490434842556
-1.0,-1.0,-1.0,-0.312219887534523,0.7238225149671453,-1.0,3.8586126019592526
-1.0,0.8942276043093578,-1.0,-0.8231618010709043,-1.0,-1.0,1.347435078371404
1.0,-1.0,0.8989041667237028,-0.5048771124323239,0.0709138183547497,0.814949002947041,-0.6610089936342074
1.0,0.4228364609089825,1.0,0.8419439636344745,-0.2194940999263637,-0.2832752834786589,1.5578152682963933
-1.0,-1.0,-1.0,-1.0,-1.0,-0.8326634261825352,2.6669768594384133
0.0380881889715023,1.0,0.0917415836395996,-0.0295978239170999,-0.9888766529155522,1.0,4.735492917853062
-1.0,1.0,1.0,-1.0,-1.0,-0.3533046537011264,-5.526244640716678
1.0,0.9010289637527028,0.1659686282768215,0.7207931334414488,1.0,-1.0,0.26734593297705
0.2914234583868256,1.0,0.0856601903665466,1.0,-0.5474955266079233,-0.4634456386391394,2.4934595107074546
-1.0,0.4692716925898745,-1.0,-1.0,0.3676062947431275,-1.0,4.710641077624045
0.8200079537524321,1.0,0.5380351973543775,0.3911315854824118,0.2566789187034548,-0.4154642894002751,-0.9475441448031183
1.0,1.0,0.0081644153616424,1.0,1.0,0.1482139035158309,-2.411215990745215
1.0,-1.0,-1.0,-1.0,-0.2755922713751915,-1.0,6.056242615565438
0.2055728430868963,1.0,1.0,1.0,-0.8888565989483519,-0.0972639735510807,-0.7935907387782912
-1.0,-1.0,-1.0,-1.0,0.9247874195037784,-1.0,2.878756808835182
0.7104119976281484,0.2780491738600168,0.5214972457618887,0.3354918064481562,0.4134018808899562,1.0,0.8083840193525937
-0.2600963879979974,-1.0,-1.0,-1.0,-0.0111914471193692,-1.0,2.5884288494583
1.0,0.1810420103954202,-1.0,-0.9851203054910548,-0.5778120685805033,0.9458897080266736,6.851962090308959
-1.0,1.0,-0.4634399866621217,-0.5854637272251741,-0.2738238324390589,-0.0714210492905962,0.16609063471552676
-0.9679419316574014,0.8488813075242276,1.0,-0.8927246276172758,0.6703632071964103,0.1773096582275597,-2.3461825379369823
1.0,1.0,1.0,0.4485530178726864,-1.0,-0.5391805538607857,3.7628433780489448
-0.5158969489870067,-0.901626569970752,-1.0,-1.0,-1.0,0.8869985617854936,4.1441756779016705
1.0,1.0,1.0,0.2969428863603298,0.6944030447181553,1.0,-6.036817981600656
-0.1058345188833447,-0.0685546919962556,-0.5042283955457496,-1.0,0.4911095167525545,1.0,4.001042950768499
1.0,1.0,0.0244532174679013,0.8602276936483395,1.0,0.5591353928247216,-2.206311780572647
-1.0,-1.0,-0.5742715713045561,-1.0,1.0,1.0,0.8413373194115695
0.2040640599254759,1.0,-1.0,1.0,1.0,1.0,6.573446245496553
1.0,1.0,-1.0,0.7974870108607603,-1.0,-1.0,11.035543393268853
0.6481315972755068,-0.7817749646148608,0.4362521585945247,-0.7784681556823059,1.0,1.0,-1.5874570928226412
1.0,1.0,0.0383593290221608,1.0,-0.2409977790050945,-0.0552425527298603,2.1590834030962274
0.8411376383099716,0.3184591041788016,0.4068489746642059,-0.9417100008612198,1.0,-1.0,1.4710128073460855
-0.8539539494955046,-0.1254707504299603,-0.8007685177630433,-0.0050383593403895,-0.176576014274723,-0.0207233095946028,-0.7304910737832953
-1.0,1.0,1.0,-1.0,-0.9582949878587008,-1.0,-7.753562164179902
-0.0970816194357202,-0.8609228142362189,-1.0,-0.5701066611790788,-0.5341339852629685,-0.7858837471102031,0.9295238409145725
-1.0,-0.2789643541864708,-1.0,-1.0,-0.5954276162820042,1.0,4.6612635537224705
-1.0,-1.0,-0.8279727761224265,-1.0,-1.0,-0.0395875679693844,-1.2823368972531486
0.7174302408154478,-1.0,0.550410580493949,0.8096568651912466,0.0372480601087883,0.7119589102543495,2.0872986718796396
0.1012424793904409,-1.0,-1.0,-0.8536039918218425,1.0,-1.0,1.3998223524842213
-0.6888053110529373,-0.131101901819578,0.2411613771164313,1.0,-0.2189880981083669,-1.0,2.345475871808576
-0.099762751355608,-0.6214998876032141,-1.0,-1.0,1.0,1.0,3.143697005111218
0.2228009077066115,1.0,0.5524321843890123,0.8953453348755356,-0.5858826146717191,-0.5004695228996336,1.1281030270911332
1.0,1.0,0.8738191978009535,0.2498714728423909,-1.0,-1.0,5.327694798744693
-0.563637298437552,1.0,-0.9336392835986208,-1.0,-0.366387438486474,-0.2336136957864591,0.1840990385006943
1.0,0.5588092943007685,0.6870019904552835,0.771057444898297,0.3193874289837182,-1.0,2.9835496438945386
0.914422829647794,1.0,0.4665972021538656,0.6540149914153444,0.1235449626555229,0.0738645831185469,-1.1959234765835685
0.2480144609148458,1.0,1.0,0.4249479984577113,0.2474032967612438,1.0,-3.652947786441574
-1.0,-1.0,-1.0,-1.0,1.0,1.0,-1.0158406895114758
-1.0,-1.0,-1.0,-0.7551458656069097,-1.0,-0.3787210582915163,-2.3351897871437313
1.0,1.0,0.2019564812845959,1.0,0.1559955269288953,0.5405575336641286,-0.6182219529926836
-1.0,-0.0364172776833386,-0.4042173945297136,-0.6046305486417352,0.7805958230186507,-0.3851754616171898,2.492653371404364
-1.0,-1.0,-1.0,-1.0,-1.0,-1.0,4.574951549380453
0.3122077076917517,0.596741738750864,0.5800198895314848,0.3149081468260764,-0.4741395210923063,-0.5000877430767012,0.850540805363247
-1.0,-1.0,-1.0,-0.6934093986765109,0.0072844270643901,-0.2187498819935804,-5.144914019303812
-1.0,-1.0,-0.8420128510141529,1.0,0.811739435521442,-1.0,-0.8722655684988583
1.0,0.4151873137238866,-1.0,0.7521692565331475,0.3326991281688933,0.6185100116048423,-0.10456851392342748
1.0,0.8454367561160689,0.4880187899997332,1.0,0.2712540798881984,0.1559156903229444,-1.5513806178459033
1.0,1.0,0.1167056178623608,0.9476348652601084,-1.0,1.0,7.793731695409077
-0.1779835205525866,-1.0,-1.0,-0.8677486308171933,-0.7225398987192166,0.7444809372861179,0.8422028930356708
1.0,-1.0,1.0,1.0,0.0562870582002641,0.7441184764362203,1.3714155112901196
1.0,1.0,1.0,-1.0,1.0,1.0,-1.1728663030529014
0.7939259814570945,0.0163559050723851,-1.0,1.0,1.0,0.9263280434111912,0.9084422364281114
1.0,-0.9163684613289907,1.0,0.9332144378750368,-0.1951983923370672,-0.8227796688828284,5.5360258746705195
-1.0,1.0,1.0,1.0,1.0,0.0493678205152829,-8.401625629841526
1.0,0.7773234192108138,1.0,0.69275999806063,0.9971286042488884,1.0,-7.100903002983763
1.0,1.0,1.0,1.0,-1.0,0.616047648446451,1.9597378859481402
-1.0,-1.0,-0.1234210295148305,-0.7033322161242608,0.4833029955197747,1.0,-0.174849445738824
-1.0,-1.0,1.0,1.0,-0.1635659716417317,0.1865901295705059,-1.0096890494111004
0.1812020361394444,0.0446734074958348,0.8262967930783363,1.0,0.4438636370394233,-1.0,1.1890173171558391
-1.0,-0.1981424142866288,-0.9000680412849125,-0.3767476938595573,-0.6522625499303376,1.0,4.327262932198478
-1.0,-0.983555813914936,-0.7603261465144906,-1.0,-1.0,-1.0,4.554180755836992
1.0,1.0,1.0,1.0,-0.6529145166448624,-1.0,7.233423246818086
-1.0,-1.0,-0.0642768066190433,-1.0,-0.2471240180275535,0.3337400463910189,-2.817722339257265
-0.4026498853795597,-1.0,-0.7945127195707344,-0.8696347462628184,-0.9929693844484744,1.0,4.717319878476516
0.7064669474739915,-1.0,-0.4678156099433349,1.0,-0.9030137290075304,-0.7553080910000145,3.7500879837244785
-0.9945674814013,-1.0,-0.2634186395647677,-0.0115523080418218,-1.0,-0.6063341410679863,-1.1362947832467991
0.752401600446311,1.0,1.0,1.0,1.0,1.0,-8.711420772153765
1.0,-1.0,1.0,-0.1927172950431701,0.2795132133542071,-0.0650287680645567,2.256935620818014
0.5483880930422098,1.0,0.8867724781089921,1.0,1.0,0.1225501643418536,-6.462612298291733
1.0,-0.3103497843631813,-0.0790761441614078,-0.945816724597663,-0.3794007876655596,-0.8510794183356272,5.003136446121987
-0.785400382962472,1.0,-0.9327317905513794,-0.5674657014994666,1.0,1.0,14.993745482300955
1.0,1.0,1.0,-0.7905653974070033,-1.0,-1.0,4.337253215021756
1.0,1.0,0.7286699754806736,0.9396590181295672,0.908117971835024,0.8618947690153569,-5.992823770978754
-1.0,-0.0114968957809291,1.0,-0.3789644648328825,-0.7543166286013148,-1.0,-0.6978948758891899
-0.5039742324316625,-1.0,-0.2029960532506574,-1.0,1.0,1.0,1.4794830517108126
-1.0,-0.1956310712127582,-1.0,-1.0,0.2875113895080832,0.9526858443630536,4.734999707025268
-0.6413389923734081,-1.0,1.0,-0.1160492569190054,-0.1119899463404745,-1.0,6.216792765639353
0.1712317842147439,0.2110769441544313,1.0,0.5258897642987985,-0.017593664327856,-0.8598610799807571,1.4827695919236508
1.0,-1.0,0.6156262123021525,1.0,-1.0,-1.0,12.984993485799473
-0.4272855784436267,0.9824084006470296,-1.0,-1.0,-0.2164932239430983,-1.0,2.055223609011037
-0.8427348745367804,-0.1280874845364605,1.0,-0.9646717130803786,0.5301861050507668,1.0,-2.718213347442503
-1.0,-0.0815884501609192,-0.0049942030106,0.5498360084229519,-1.0,-0.2934061243033365,-2.210584838645289
1.0,1.0,-1.0,0.8924946984049891,-1.0,-0.8916612110467186,10.593736986566627
1.0,0.8763495015755531,0.1979860445463039,0.103690115651517,-0.2360850986825207,-1.0,4.403518294292704
0.946760844646314,1.0,1.0,0.0480289055078686,1.0,0.8038737818350346,-5.920588515074634
1.0,0.4165767602385846,-0.1368699695134441,0.0417710423598354,0.455647569257128,-1.0,1.8309733390099696
1.0,-0.7200569872592524,0.4912564979775837,1.0,-0.6365912254215187,1.0,6.117339302062046
-1.0,1.0,-1.0,1.0,1.0,-1.0,6.092895078084393
-1.0,-0.9081882513432132,1.0,-0.9784565278104096,-1.0,-0.2404267356611322,3.1030505525274443
-0.3817309022876409,-1.0,-1.0,-0.7783694939087098,0.9129465323430404,1.0,0.8278069559070221
0.617687891411326,0.0421557556415519,0.0791185896081101,1.0,-1.0,-1.0,6.446894104619876
0.9302336167084262,1.0,0.1356096386876566,1.0,0.1685582791582027,1.0,1.4389545388573852
-0.619219056552446,1.0,-1.0,-1.0,-0.1438801187897114,-0.8698495036689853,1.4744839023099587
-0.0335212207218662,-0.9461204748130856,-0.2229448216915981,-1.0,-0.4898606816193283,-0.5950378110693919,3.1813345983681325
1.0,1.0,1.0,1.0,1.0,0.750521507279319,-10.352126482650622
0.0980222354022684,1.0,1.0,0.4638733495018152,-1.0,-1.0,-0.5961453407294952
-0.0998434450161411,1.0,-1.0,-0.8097971307091141,0.0924277785565028,1.0,11.050634870652695
-1.0,-1.0,-0.8151823443828059,-1.0,1.0,0.6005346829714595,-3.846038739361242
1.0,1.0,1.0,1.0,0.2195886582824584,0.773414669679068,-6.0991416709251585
1.0,1.0,1.0,0.526672377870433,1.0,0.1608380704589547,-6.589339738568643
