x1,x2,x3,y
0.31443878967295436,0.37714687045214323,0.5064908899267229,1.256834535887359
-0.9162679621951315,1.0,0.6121928407482824,1.2664523112061863
0.42673391221398216,-0.9053736716074798,-0.9720160637534743,-13.29959177672878
-1.0,1.0,0.0635231864933481,6.179393293571009
0.46190039623708223,0.507095748747848,0.07670343495531595,1.6090034575120118
1.0,-0.41298461046170076,0.814754535701711,6.830504575101162
0.24027543416117858,0.8999666354267766,0.8566975060639146,7.062626948235976
-0.6093445808387861,0.6856347117241763,0.36411672537341677,-0.9489927748889752
-0.5791820350566672,0.35158050691451126,-0.5480718739092656,-1.3375105663288969
-0.07571653892872665,-1.0,0.43671349652083213,1.5750297176045265
-0.19047536027777068,-0.6614562560227253,0.2629165461521721,1.1877098677239046
-1.0,1.0,0.1482000106897201,5.4184225151210175
0.5300251689640978,-0.7450843412505126,-0.9716443708356179,-9.475702749075571
-0.1472571366241615,-0.29699533782779475,-0.07854290579491474,0.5514629272354197
-0.16787321893978513,-0.09028715375734042,-1.0,-2.702758390043999
0.5616951393475846,-0.4492928454614169,-0.0317594344500336,1.4059565998135644
0.4950078782961771,-0.053772007925286136,-0.046896953154108356,0.22972545283116008
1.0,-0.9467130152405734,0.04961546640694392,-4.76871955068381
0.3702922965400275,1.0,1.0,10.407676482170086
-0.3044975377096071,-0.7875241929460344,-0.15960770553720316,2.1361070637377746
0.47813572794445447,-0.028681362294922685,1.0,-0.24589881822203663
1.0,0.08689552352094299,0.5357509946065218,7.051779363815624
1.0,0.3525898947261661,1.0,19.82650858234636
0.1295914598297898,-0.004838243833826805,-0.654527334053322,0.6073084053106323
-1.0,1.0,0.9827971202886843,15.532119833154182
-1.0,-0.664919846776058,0.12112675267821249,1.2486041492209867
0.3436735750084108,-0.9928157079652691,0.3602943654750239,0.9655312838836188
-0.01174322072957601,-1.0,0.004129061935714162,1.5912982670570603
1.0,0.17713919988427107,1.0,15.79737582071642
0.9922354103815176,-0.5517511077394457,0.5333298609364889,4.593978492749716
-0.692772995509126,1.0,-0.03820878468635058,4.280750503871291
0.05568121205823662,0.04047595326851572,0.2866843881779779,0.5566832859539944
-1.0,-0.9652145810414543,-0.7183702962738259,3.6451448310945356
0.9533661436615923,-0.907580871773997,-0.18342459343010908,-2.2400870076857893
1.0,-1.0,1.0,-9.521079829490855
0.4754535338191628,0.5444985418406336,0.2720073579423361,0.717564729346314
0.8327356617287249,-1.0,0.8904654626565212,-6.0122876001929315
-0.1719976856746277,-0.1880795184259647,-1.0,-3.6037987826862468
0.016099086284268926,-1.0,0.27525824333266224,2.940552548488343
-0.5826099587713256,-0.38104610462238875,0.4132391418069401,0.5099635112574861
-0.33868090731044354,-0.35376792242900956,1.0,-0.03224729615625399
-0.07776270942694197,0.34682204584607423,0.15849877613021346,-0.18690553326354678
0.6157555264116195,-1.0,-0.26634272996937924,-1.7708800802018676
-0.01151393756795005,1.0,-0.08905741390507682,8.135750502286708
-0.6370009615999328,0.43617431980583343,1.0,2.4028309153283987
-0.29726757144079863,0.09128158949690723,0.50750973242642,0.3632562797880802
0.8882861176990107,0.29348950636919247,1.0,11.413723946343524
0.256768929782345,-0.29570903106274393,0.48485450286382203,0.6542169557674917
-0.48034890677869724,0.1499177247012038,0.5816273151946205,-1.4239439318780491
0.7121494756510871,0.8625766148066083,-1.0,3.489655696083454
-1.0,-0.5139113769934474,-0.38663281288387696,-0.7900754998065758
0.8342992830227862,1.0,-0.04035631049230992,9.530950257454785
0.2807069696666553,0.19576567517922006,-0.6279768628902083,1.0846814996245664
-0.1980399587524302,-1.0,0.3548517284885109,2.5233264859699944
0.1921639756325879,-0.2827278740837631,-0.7288659553389067,0.9969792367476986
-0.8239288633053594,0.25649358047660975,-0.16772078048149774,-2.9385680649036954
-1.0,-0.12178418333927787,0.4193788518623047,-3.6352290911815692
0.4326261117452175,-0.6000851586875453,-0.020908554193207696,1.4396228634415889
-0.06004975112085176,0.7815957892353167,-1.0,-3.893373018255725
-0.06284779514712224,-0.49351251944375263,0.008124185490674618,0.2728336693052835
-1.0,0.9544482243174008,0.7637836776644993,0.31421535638395515
1.0,-1.0,-0.39882502555589716,-10.522486806894214
0.011429278464409665,-0.6501966147654763,-1.0,-7.349231152174041
1.0,1.0,-0.08182044950310008,15.199010332469367
-0.12463886465463259,0.7684865807926313,1.0,6.949979154258026
-0.6536959435934993,0.12337870506091275,0.6289421325882967,-1.9250390775946258
0.6717787166515541,-0.10604349365664745,-1.0,-1.9106842102564425
0.4093323107981912,-0.699820116860816,-1.0,-9.951117901144048
-0.09172249112759001,-0.03494589375429302,-0.6940170793066858,0.37476089189086736
0.27639263002442527,-0.9814138574798343,-0.21536446241028617,0.9368274393897912
1.0,-1.0,0.10749344380544112,-8.255275565427592
-0.8090954980457854,1.0,-0.2763469684658082,5.2401390731679065
0.3502277680234662,-0.08334177571614676,0.1242479733389219,0.8235582854399042
-1.0,-0.08745742329305295,0.007573880232828456,-4.104116616000948
0.5944025323428908,-0.6034432809162327,0.9672261780290876,-3.0943108876308063
0.1208412596787376,-0.8660718436792079,-0.18287489848531524,1.5864468727138723
0.26256448544228794,1.0,-0.32661469094283135,9.814502418753547
0.1355931452109369,0.5272617695410291,-1.0,-3.064420725200284
-0.11514756048448338,0.665798016641884,1.0,5.015165062648164
0.9400705199311394,0.8931540194729837,-1.0,19.203271053480684
-0.39383299545078176,-1.0,0.7168805512043377,1.2318424936787846
-0.6281220447032521,-0.4927684155036467,0.6693736052805099,1.2034273913973754
1.0,0.11192308594495382,1.0,14.787990857989783
0.7036312128707907,0.062252551886283536,-0.20163088402776186,1.6025223127800157
1.0,-0.6873125297533973,-1.0,-2.4213217670128544
0.8343042701838166,-0.7562898967400475,-0.5363153312887612,0.8183426283531734
0.38940345024522993,-1.0,0.16418595142740666,-0.11769681011706379
-0.022892754875268873,-1.0,-0.0690617860084839,3.14447573490858
-0.8148061193885487,-1.0,-0.8273667959742093,-0.7061820524041555
0.13614954900030884,-0.04574107467578159,-0.8215046690192422,0.7758488637640251
0.9204207320284628,-0.40621415808073746,-0.6052891140897874,3.485616545806494
0.10345996644800759,-0.8409108833199177,0.6258410840126019,-0.13897091092817326
0.6853185613763648,-0.9116772904064425,-0.1705622973396108,-0.08333487374657952
-0.14072176654371926,-0.4961507265959837,-0.18175112414206818,1.4361847363644331
0.8837962049999817,-0.5113687312172981,0.14629094360214978,2.247890633265982
-0.035591262076621,-0.07817276685770214,-0.9364178058106023,-1.713643924254167
0.5723001596123327,-0.466346374351829,-1.0,-6.727338608680704
-0.04121992908083616,-0.2706712953853696,-0.5216031491878674,1.191777516975645
-0.880009973963026,0.20384680341385897,-1.0,8.151680469030085
0.9355591290697498,1.0,0.8155568248716214,16.43726908658421
-1.0,0.787487240446632,1.0,10.700693289559425
-0.2968867071104706,0.06927869063080117,-1.0,-2.3099258346286815
0.03326962105755604,1.0,-0.19474323037684016,8.310211969464714
0.09743826159010793,0.5734834026040962,1.0,4.2840712522123345
1.0,0.734440183552385,1.0,26.351662212700443
0.3060007796285851,0.31583933151358456,0.11278058166790705,0.4653349948466078
0.7677735364359535,-0.5048293266306876,0.8899521279913962,0.6729311809214963
-0.6720582398568897,-1.0,1.0,1.1272107338333353
-1.0,0.016050741282429115,-1.0,11.067767707356792
1.0,-0.057496343153921714,0.38099629112568767,5.68686412445927
-0.3931105219665263,-0.12881969214775957,-0.7222875680024361,0.6067143055809381
0.5021833866205929,0.17467840300013782,1.0,1.012243756041693
-1.0,0.08180891564672099,0.10635124902872106,-4.077512606299058
1.0,0.38749922587488417,-0.9692494148025745,10.801958608584261
-0.8232738193644713,0.06840760175928784,0.28922437789733335,-1.8662736567103961
0.6512959374976159,-0.46826826941945,-1.0,-5.771346769077495
-0.9548029111748175,-1.0,-1.0,1.8287669302836196
-0.4177563306208776,0.9449869074616242,-0.7832750117361944,1.870547550456758
-0.19902338422732013,-0.08803973759087325,-0.9236804500573832,-1.516048701505001
-1.0,-0.4877040312186196,-0.6525331543761654,0.3709980257525042
0.15928658484185565,-0.7623346229778294,1.0,-4.037472166363053
-0.14358676740963272,-0.6505603482722413,0.8448768982387536,-0.6385136796131134
-0.7566990181479705,0.2771472025629129,0.8894738356532708,1.3674497779922365
-1.0,-0.3987367026775781,-0.2132411095116209,-2.556643238018014
-0.21998680863494746,-0.16490065183586733,0.3768278494609125,0.6915392151482933
0.2248881235345488,-1.0,1.0,-6.834142554725527
-1.0,0.4348692774474052,1.0,4.379879367840971
-0.01902959739828769,1.0,1.0,13.242537571677119
-1.0,0.06361045181720448,1.0,3.4800202144659136
-0.004888987726495708,0.3406616357393202,1.0,2.3693471712676133
1.0,0.0762970125620468,0.980596728200712,12.323939899676462
1.0,1.0,-0.220976072468829,16.046336875989248
-0.3796935593362203,0.16899897084271198,-0.09734141908330907,-0.3500968321233595
0.4057882383182778,0.9761524552193226,-0.8899592273464545,8.056207195605829
1.0,1.0,0.12621207559923708,13.895019895011062
-0.04338499488824965,-0.760625788892783,0.16616224618593955,1.4426134173786747
-1.0,-0.8548456853619495,0.936197550182627,15.626132630103267
-0.44062757529021424,-0.4336090993408277,0.8799202937911368,0.009364092545685154
-0.8574918563122995,0.11133578069073291,-0.41466590452993146,-1.351898653282696
-0.213894080819089,-0.9532911308488314,-0.2165173401414897,3.033800493335128
0.15543633225363873,-0.45937006177314155,1.0,-2.063319115625703
1.0,-0.7548267443228993,0.7519619920726264,2.3121426925111446
-1.0,-1.0,0.8500649729392697,19.085516507151915
0.10690741668529968,-0.1887415018368761,1.0,-0.5429955347744229
-1.0,-0.6411075670320951,0.8961789536416429,8.903516349528026
-1.0,1.0,0.8499072568037944,5.839535405774112
0.12813002628980508,0.012201033049950238,0.8140684892202503,-0.5612574387883023
-0.8751627372728348,0.09244787596445025,1.0,2.94624689872926
0.07558740655813745,-1.0,0.18751931076417105,2.1354949691053364
-0.18375772362490128,-0.6355988331525759,1.0,-0.9252815018066795
0.2627590684081367,-1.0,-1.0,-18.799572825352648
0.5041403926022143,1.0,0.2183371429804044,7.431036354352073
-0.12910189571797348,0.8493012443387509,-0.22752588945411278,2.691526385741235
-0.1271779570860052,-1.0,0.04370945101592727,2.3704050116609148
0.7371769703810331,0.8649472768786253,-1.0,4.323766280131596
1.0,0.5625224955317554,-1.0,13.32791397920339
0.35047131844373913,-0.2395241196718796,-1.0,-4.123924946181164
-0.7080373998055876,1.0,0.8026733522384786,7.350505664366004
0.5055270776984226,-0.5616235896645132,0.07217411761193282,0.8299602456981447
0.3042703990573046,-0.4946383786402615,-0.7811908262674487,-0.3508672454532486
-0.4404228677574855,0.3966052154984585,-1.0,-2.4463261534486964
1.0,-0.9347160764419193,-1.0,-18.717709243854905
-0.31820343665223594,1.0,0.8629560283739366,11.611617910666412
0.8568798820523593,-1.0,-1.0,-28.131611374168475
1.0,0.09780703087801368,-0.3152883545918943,3.6961000229642895
-0.12408465118217538,1.0,-1.0,1.9315071856953847
-1.0,-1.0,-1.0,2.625509101586979
0.7133538063102527,0.027274304619656187,-0.3565602920963151,1.5311900079062797
-0.5262474926688421,-0.4571368784567771,-0.10144628767482855,0.06810317003045407
0.18862403962127172,-0.6085224538397764,-1.0,-7.150322430372135
1.0,1.0,-0.8253716976719379,30.590347708947917
0.031066150095029776,-0.677944972655008,-0.5446236355931144,0.0860044666270593
-0.17875485028482285,-0.6737384069175052,1.0,-1.2483015785963183
0.4568867865665931,-0.03465658916994463,1.0,-0.25584661694151467
0.38046516961755805,0.9346100675759612,0.3313947341355732,4.576042935497926
-0.8379753325335926,1.0,1.0,16.24126710500494
-0.0984459221783609,1.0,-0.11419249466108039,7.768041893695279
-1.0,0.33638124646673884,1.0,3.86260742709485
1.0,1.0,1.0,25.72329030432889
0.8825322543594207,0.231676023255881,-0.9690093446103409,4.481451704969342
1.0,0.6046511051257286,1.0,24.366523212116867
1.0,1.0,-0.09313654830887308,15.110229350142395
0.2855947813540307,0.061211154216041175,-0.42661998428316195,1.0421849080404997
0.2459814551095525,1.0,0.1824724976457026,6.6354471855944785
0.6858766422196347,1.0,0.991180026945496,11.768747137859325
-1.0,-0.2009373043126761,-1.0,8.066220058501841
1.0,1.0,0.5016943689418094,14.443498529088668
0.503532342631078,-1.0,0.4199112197964545,-0.03245932867402351
-1.0,0.4454124500763257,-0.06614346974742169,-3.7935363256986623
-0.08881410777019116,-0.5020942883560577,-0.0002720478479685262,0.9170531988195624
1.0,-1.0,-1.0,-29.054301469957103
0.4333393070446556,-0.2769908343227647,0.9382614877008264,-1.9437093243718353
1.0,-1.0,1.0,-9.533631989613676
-0.6515551819358616,0.7824075788616809,1.0,9.474852524810252
-0.4446707785018216,1.0,-0.003413299329407371,6.0448460096557115
0.740314282135339,0.9884851230118825,-1.0,12.063558908108353
-0.6655330387997467,0.9111696357664005,-1.0,-1.1578231793319458
-0.0011139489081168907,0.4464489265163627,0.13342224239494715,0.21337725575057923
-0.22602514783244199,0.7273935207359277,0.7948368015960929,2.6755277530248742
0.46929684198954313,0.3901557814824099,-0.8681651144192584,-0.11097239732627778
-0.7626924132249218,0.24131962939113172,1.0,2.695689467628296
0.018764919236326838,0.1289453855658711,1.0,1.931983135769122
-0.8771122345068976,-1.0,0.18324671453408214,7.995555385487676
0.5980638266581986,-0.46663866206648996,1.0,-3.3166286264451497
-1.0,0.9643667893878014,0.7561067706052187,1.6970575265219643
0.11856757193694656,-1.0,-1.0,-18.351343093458773
0.009612217203586182,-0.03807924358255832,-0.25386005138815526,1.4691442880498857
-0.09023383991071343,-1.0,-0.9430134934620829,-13.155833313197574
0.666907929919643,0.6085102280004069,-1.0,-1.0657899306406107
-0.38065893719249777,-0.175631636520988,0.5131496233333399,0.04903224839828069
0.975295361439497,0.35166571147002923,-1.0,9.913116638716726
0.20071332972839273,1.0,0.04241720706464869,7.190660575773819
1.0,1.0,1.0,25.257290131455168
-1.0,-0.1768589633271933,-0.6662683579883937,-0.5111136156911054
-0.23301565413350467,1.0,0.24913191525663647,6.953883528302436
-0.43350088399907105,0.49155929313697655,1.0,3.5471766871580273
-0.007880904170782133,-0.8592715463516547,-0.1336802292605095,2.4011316607008837
0.04697476526374644,-0.04077984736537954,0.5165178036529445,-0.20132191420362028
-0.19599998251946538,0.25504836277231013,-0.29049583515764454,0.11481681148760256
0.7103718002968713,1.0,-1.0,11.710394317117771
1.0,-1.0,-0.032600735587284824,-8.51742648905677
0.6901761931483279,0.5805020971098311,0.5525770793011353,2.77511057478633
-0.6702301838471023,-0.0512196822879194,-0.25869371791964224,-0.6678373692071293
0.44319701499689756,-1.0,1.0,-6.921078472870473
0.4577070675421413,0.780598048393004,1.0,6.834687906737966
0.37357197043108026,0.20359567588632266,0.6934888227698188,0.13628494281894954
-1.0,1.0,-0.1873769146553479,10.44499587297248
-1.0,0.7312085179245573,0.0031421053410949362,-0.24604778146985928
0.441726858201962,-0.6754620970133982,-0.6735803019072615,-0.7925717863719667
0.4582224666026513,-1.0,-0.5001340750342778,-2.15415680196663
-0.5563834158463778,-0.745224107947261,0.22827751784674932,1.9200062892504983
0.2412300453024967,0.034263195890603226,-1.0,-3.5819914341525463
-0.26493418889333165,0.20919071765516994,-0.15139166263978665,-0.42105728418957267
-0.6636917560395976,0.09109556307280409,-0.04200055510792877,-1.4697952538432373
0.2769321098966291,-0.2627975915955796,-0.3092091753603021,1.8717538663014013
-0.21832011976625187,-1.0,1.0,-6.1479851606439135
-0.11991948255276341,-1.0,-0.994873605908488,-15.982572464143864
-1.0,-1.0,0.09245506936675119,8.217546922409847
0.29070431392009155,0.08510874213037134,-0.02053591314413805,1.3295652885644118
-1.0,0.13840732241743692,0.564651838722112,-4.1690253067549685
0.36899115246001735,-1.0,0.198143170790124,1.3286775329068392
-0.6983475958928602,-0.6128394464506566,0.7792233288354684,1.9407532665650906
0.6818175782210045,-0.14461669622234452,0.01538141880197652,1.4885257964607166
0.7538767523861323,-0.9747715865174646,0.7163537966176583,-3.4024489872702275
0.13869951661236768,0.8701933217109195,1.0,8.729829556474513
0.38964528258530273,0.24509561421335624,-0.07404106029177027,1.5686286397415006
-0.02642275723606513,-1.0,0.35714528116663646,1.8690081233872082
-0.6451456615759561,0.21854731105763991,0.9341831346966749,0.9303499928955609
0.7508921341715944,0.20670542667145164,-0.777054090197635,2.3854878577945944
0.19381286515172613,0.5560559027126339,-0.5361219762870562,0.5169115753348628
1.0,-1.0,-0.21979732684041942,-9.283307399217552
1.0,-0.14496812824564853,-0.21708013336328613,5.152779731699659
1.0,0.3534241802641902,0.3339613577285798,7.384789923416614
0.8861295542633041,-0.12742505544284355,0.618278250782172,3.646097603520348
-0.07263924567357893,0.6336329593450989,0.3708280913470836,0.8400259162892163
-1.0,0.27042969179878096,-0.5332189811439745,-0.24851724390244462
-0.1560189722307017,-0.1678747870541979,0.5646619524494703,-0.6948779564394695
-0.1251502737586605,0.4500091631154304,0.6285192266860609,0.6718380645666776
0.06943091881542074,1.0,0.20722096629445663,7.245930295716204
-1.0,0.5498464795338163,0.3962668680978638,-3.590386163756379
0.5418661491081262,-1.0,1.0,-6.903685220209466
0.5130140763130808,-0.9228306188611388,0.7276609085658319,-1.3016905376930583
-1.0,-0.10686422607283719,-0.3386461333604438,-3.3937174853393897
-1.0,1.0,0.25198390881316723,4.310636091913065
-0.8230225362884667,0.5583084308754904,-0.08940148645636437,-3.198740120627465
-1.0,0.12279598025303917,0.9795767615728788,2.561657726471476
-0.5554300590781673,0.3582972386937606,0.8989752112109348,0.06180158460431495
-0.3640878481487302,-0.6050102152514425,0.059568918072297805,1.1835330448386756
-1.0,-0.4218861625890602,-0.2494484021015162,-2.9342538767920714
0.8855639914094988,-0.3940396216936759,1.0,2.405518527569682
0.9290001911155825,-0.24009962876357238,1.0,4.985468748375184
-0.7892788417406744,1.0,0.7463938975083888,4.528724367633449
-1.0,0.718537594693077,-0.41926449407481114,3.207837158248842
1.0,-1.0,-1.0,-29.617279532073038
0.2908117818440674,-1.0,1.0,-7.56148025261885
-0.057412908696646614,0.7534939035120909,0.4593287314725256,2.1590196228928957
-0.1944286060401399,-0.18228673539149787,1.0,-0.25640207651200597
0.3694270245730509,0.8826466772941273,-0.7896011159080136,4.291461100503149
-0.6539870550629583,1.0,-1.0,1.1886917055914588
0.09252573331518477,0.7343843473744707,0.47516599705912377,2.9313730874617194
0.22760181969546256,-0.9208814998587234,0.9939006610070931,-5.28130948192267
0.8946431858348891,-0.06247482988588482,0.6222434541409467,5.152006744330179
1.0,0.24417180967806296,-0.8312926339660602,8.283907044954649
0.8951246629809857,-0.0015192631352667352,0.777025192718551,5.752247005606778
-0.419496675057601,0.8746553716249659,-1.0,-3.727739219879068
0.2754622398878399,-0.669641301503425,-0.000975420212252498,1.461966616173301
1.0,0.578304766116917,0.3077304100256877,8.0840657479461
-0.94357130174729,0.12430671378410874,0.3711079594581672,-3.283621728103201
-0.5583445022583811,-1.0,1.0,-1.8222548860903518
-1.0,-0.09231752833010254,0.8839427559719859,0.7826953835155519
0.798723051511615,-0.08845410665370279,-0.7009455715627912,2.2143100218113094
0.20934713348487843,-0.6936098403127944,0.8491110857965041,-1.5567874898031786
-0.2505395114365532,-1.0,-0.5218592903928001,0.054712459086188575
-0.1709696070338831,0.6665286398575987,-0.7797815164761093,-1.1541427465430802
-0.793158687647157,0.301714601384349,0.6375585671423396,-2.7403266460618854
-1.0,-0.15437577853874296,-1.0,8.358542464487002
0.44189453225221786,0.16194968468435977,-1.0,-2.353599714622883
-0.40659942105515845,0.2549590856773569,-0.25070118053760937,0.2723923728007044
-0.24788006756399072,0.722378532239385,0.1895587586725358,-0.08113865229162531
0.4550460031530412,0.4431898318308123,-0.6887279643654887,1.8449553296842378
0.8700759695672511,-0.2414554401874709,-0.4758783535629798,2.7964798232343098
0.6887985568978854,-0.735648376095885,-0.47622237797948874,-0.06895301212057653
-0.4938822651050312,-0.6593013294419057,0.39570201259591076,0.5073575496527287
-0.161895966123071,-0.25748261135813433,0.607803022082503,0.16501893613935326
-0.47668064280018196,-0.2263711330793896,0.44634328318864136,-0.5306412570451263
-0.010102783741562371,-0.12897021807978648,-0.6955995972437492,0.25731112077764173
0.7984701320790444,-1.0,0.272786329310295,-4.063349705465593
-0.17745177020417202,0.08716226024119433,0.655593231492265,-0.3724985191271614
0.17570985161301111,0.07609071484518015,-0.16788038767877755,0.3731173807807556
-0.56917026222129,-1.0,0.9505374873517998,-0.6520804826242832
0.14020493629659758,0.6328828864448302,-0.9676907296094066,-3.347768820345532
1.0,-0.8506548268673062,-0.418608229000319,-0.20749448748944346
-1.0,-1.0,-0.6595352719990144,4.442885687299949
-1.0,1.0,-1.0,21.606927358393968
1.0,-0.21284625464458595,0.6425875913664338,7.061175165119419
0.19573468748868472,-0.3619688674307451,1.0,-1.8297244553166976
-0.16745647349063897,0.9192515959765692,0.1023888048584416,3.543053008165618
0.14920600408524742,1.0,0.9149409413139982,9.882931200093067
-0.4873651044932754,-0.5067554975847355,-1.0,-2.630136181406869
0.7360929730499599,-1.0,-0.27147011878930405,-2.994138927505964
-1.0,0.8612120239138537,-0.6023253569366147,7.602729613369292
0.6835201554283052,-0.8838002334521122,0.11725320191605304,0.059890959265698
-1.0,1.0,0.1283399806768486,6.140306465969673
-0.5846298854865863,0.2976449690796792,0.39260117271895845,-1.2543446639124827
-0.7814641738563175,-0.3701790022675142,-0.3033512023326612,0.36992491357599333
-0.7509696222561042,0.21249461145603532,0.32791584718771927,-2.216274732533771
-0.18907643769107585,1.0,-1.0,2.531767826308957
-0.36953202944607777,-0.5627070726525736,-1.0,-4.39126173409567
0.21329749188957758,-0.07307698497064896,0.2464780125626027,0.9201057629300372
-0.21781002071174793,-1.0,0.29751885157909297,2.843779781118119
0.07426864969409808,-0.2161232012441947,0.7473753925788436,-0.138856207442208
-0.5929942946033084,-0.43098792351235815,0.027989787997699134,0.6285723815011038
-0.13025754040513293,-0.12439202062778354,0.6988608098335036,-0.45710689135723487
0.5155213131669785,0.5272738503737335,0.5007905105333481,1.8798154838986711
-0.5784166522511509,-1.0,0.3199942467215944,4.516253011206707
-0.6383078590840023,0.8278915429730713,0.6712330160190616,1.1602313766949186
1.0,-0.1997636446774531,0.4397739741630089,5.015042317299194
0.26377602525935995,1.0,0.2718281409869978,7.369373406873203
0.0005496919933307698,0.0021229418820767343,-0.1129513687442616,-0.4240230432797809
1.0,0.895837686897142,-1.0,26.300880811331677
-0.033880056918301316,-0.12783350197131615,0.6806235098801663,0.33375650467408535
0.27291728329322207,0.9991473251630965,-0.16571457865492212,9.141927850158556
0.08299857533796096,0.4890854957520394,0.7344489986861527,1.1253260423423246
-0.20371127770617137,-0.6239874522152371,-0.6837743154640468,-0.21478036681532187
-0.5653488979341248,1.0,1.0,16.1514675423913
0.915754114982138,-0.20293213494404805,1.0,4.293628137886077
-0.8779175203947227,-1.0,0.38533220219303965,9.368515596699314
-0.16325509895841983,-0.7698884966834474,1.0,-1.2299455537716715
-0.2036518834810972,-0.5788045711693903,-0.4204711688625413,1.3392027818955239
0.4393372106655473,0.06382656917303775,0.007849308290386325,2.3589431530148093
0.4851738580345566,0.018949860943989538,-0.4889322747499363,1.8098849185560018
-0.4861136134094557,-0.8557693657204755,-0.03766743163900643,3.201934663901933
1.0,0.46175375819050823,-1.0,12.352648306816594
0.1980127201150219,-0.15924227910140432,0.2354980812204217,1.674488854605391
-0.8964858256677033,1.0,1.0,16.029473090784762
-1.0,-0.17654971327295788,1.0,4.880690486414134
0.44264942588325606,0.14341033663296354,0.05072966144367119,1.0752202148193968
-1.0,-0.9268152985949438,0.625684729538351,12.430960145423498
1.0,-0.6018723888649258,1.0,2.1805506638942322
0.004075184464635617,0.4031562711643606,-0.3089378511544174,0.0859700285340772
-0.2978848052019969,1.0,-0.7636653344743691,6.272116252122221
-1.0,0.5421502240303595,-0.07698093042982612,-1.6660594136644362
-1.0,-0.6187134418653564,-1.0,5.990908587232822
0.1127011005866938,0.25242050278082084,0.2988669913464097,0.7014517434645816
-0.8915049897190186,-0.3029767498736555,0.21867416165213371,-1.197543456217208
0.7743068437432807,1.0,0.9516387679394513,12.75374654953054
-0.842256483027453,0.39361290631194223,0.2894956752111282,-3.491935958667491
0.09370461194803004,-0.6140292623112036,1.0,-2.2858863962380913
-1.0,0.0207180368345683,-1.0,11.957152190584287
-0.3668878485803453,0.3748911249927058,-0.8152306680922603,-0.8899061454544023
-0.33357959883178,-0.25334443005377993,-0.46044543434270135,0.7265476133753983
0.12119997813070493,0.7319802752097282,0.7664407744608577,3.355692213903607
-0.8154593576359828,0.6846064438699773,-0.6059020749050708,-0.9491317862930102
-0.464017382991599,-1.0,0.2618546207020829,3.0278481472715755
1.0,0.49645242360500963,0.5716308337223419,10.661733175159254
-0.20729786707653286,-0.5862511118190079,-1.0,-6.087772727121731
-1.0,0.005132554898407138,0.3595501410916351,-4.779214945596683
-0.12018365953203558,-0.20705355012938909,-1.0,-3.8580104014857164
1.0,0.027726361867251637,-0.45034874693544724,3.6798775219968665
0.5210649030083607,0.4980645954440619,1.0,3.798238951066585
-1.0,0.15385725819831708,-0.10288459704170871,-4.0068157323828215
-0.27295637733305966,-0.02291376026218872,-1.0,-3.1598442466746013
-0.8498780782099666,-0.7319163949592182,-0.7879808975112121,1.5511448160323404
1.0,-1.0,0.9847211000192231,-8.339599607179048
0.7696701669390076,0.710112670010673,0.03226120491235429,2.9726667017613204
-0.23794611678142386,-0.3659125359256299,0.20883245704820608,0.6801751490611008
1.0,0.30792846160718157,0.7737561403830746,12.021237266453104
-0.13277805924032648,0.24686848635314962,1.0,1.1573531952225173
-0.8272632283659702,1.0,-0.7226644304794723,4.6747656488178215
0.7704754046980038,-0.14347434373633394,0.10145309769553856,1.8590259842020191
-0.3272899346203262,0.5389161289428084,-0.8356772685030536,-0.7545709136085579
-1.0,-0.040386746656536854,0.5643096374640959,-3.196474332699399
-0.5179922634662202,0.41132797211757643,0.07822828772800672,-2.117197231129043
0.13433366423666393,-1.0,-0.4859130426777023,0.11453372803105322
-1.0,-1.0,0.21566756332386294,8.820443780209581
0.6125378207853323,-0.1045869711433074,0.9069713048322272,0.10798683354444985
0.23274124054097323,0.8336161944249669,-0.9058805729157071,1.2988687969770583
0.976637958435125,-0.3966791800201883,0.2794056500326858,4.3572306498459
-0.5434721638246038,-0.0332258428906147,-0.9574216546741123,0.10514404838996914
0.8600968742964572,0.7798198597373205,-0.3408525980147914,4.39495656245838
-0.5150486178459739,0.31999274317237103,0.19365086294660872,-1.7060690918818056
-0.20519843788119352,-0.9090002064198934,0.37439899275754973,2.3532807133813467
-0.42174225039029767,1.0,-1.0,1.3639301891632638
-0.11228264915078667,-1.0,0.711669270640076,-0.8558999589806415
-0.7448334152362186,-0.20726430998938228,-0.2524441093155383,-0.2881620600360217
-0.23706408163408121,-0.11712180814323059,0.7889541015773189,-0.28598877171705805
1.0,-1.0,-0.8748317944348665,-20.79321953796258
-0.4822050735065686,0.6227142385510751,1.0,5.907646336936779
0.5712760516255422,0.5381242382904536,0.045703760102061786,1.4460225397144337
0.14500734701431783,0.4685709816684447,-0.15384238818630935,1.186331330388723
1.0,1.0,0.253838751529166,12.965239663346184
-1.0,-1.0,0.76773782483999,16.447830119596514
-0.1591439104382637,-1.0,0.4768769718793433,1.4688859439010542
0.46958809887432285,-1.0,0.7107128130116154,-1.1198991446502489
-1.0,1.0,-0.17800740555112915,10.000235800581128
-0.0919220119905102,-0.9877971485790329,0.18592095229991434,2.2688659609132347
0.7707308909339048,1.0,-0.04114960731237627,9.924514209393926
0.3847793468594449,1.0,-0.7959925782286039,10.334414670481209
-1.0,0.047070172928106,-0.9832443067198364,11.913386071705833
-1.0,0.055879619196244734,-0.900607684332182,7.304629311099708
0.06364303003191174,-0.5087405278858035,0.8347394469913483,-0.05411575630550136
-0.9782689352077629,-0.4756445297840388,0.5360963664317939,0.634135200627138
0.4638245850334135,-0.10487109618081125,0.8161025552471712,-0.2302898828171634
0.2410981827913512,-1.0,-0.11479789344787195,2.6063840206983437
-0.022967772008191112,-0.8377479244247483,0.35011865042775203,2.160219521558619
1.0,-0.35333685329186304,-0.44706928426334724,4.625558413661971
0.20724641573853786,1.0,-0.05253038891255146,8.87201084177968
0.845979805458088,0.3389695498471892,1.0,9.782345810934277
0.702367446995356,-1.0,0.19948015467725866,-1.722767601220917
-0.4186947969637489,1.0,0.767606542401458,9.034222615682829
0.28080243609226674,1.0,0.3316104958878492,7.439669957025608
0.20650768353073934,1.0,0.28041781985928815,7.598653630922709
-0.360047578213903,-0.5588090600189282,-1.0,-4.752166993356342
-0.1855408164032215,0.7982516787679053,0.2569756383418045,1.5548762007365906
-1.0,-0.3837096612347206,1.0,6.4860981693404485
-0.447604210759708,-0.8258374334134473,0.03049427148777517,2.478686902845285
-0.39459950935114785,-0.9048905595675916,0.8710658039213384,-0.6754682462848416
-1.0,0.1498678500973205,-1.0,12.472262362276183
1.0,-0.3788919259585244,-1.0,4.336986959450462
1.0,-1.0,1.0,-9.777866885191075
0.7374082621612628,0.4710360488447487,1.0,7.202909929128656
0.13749655882033496,1.0,-0.4751859689957427,10.295323238997307
0.7070129655781019,1.0,-0.4122282339253145,11.323617069405705
1.0,-0.5069910241937206,0.05131032631472632,4.291755224520015
-0.793498760383762,0.4465003752414489,-1.0,3.5068959808257287
0.2818391122967683,-0.34875489118421243,-0.3695842705023602,1.4118287835647554
1.0,-1.0,-1.0,-30.096896320452444
1.0,-0.3562947258495497,-1.0,3.593559114580076
1.0,-0.1207184093608551,0.05705765219831549,4.613114262131333
0.910421803168566,-0.21142643354689916,-0.11740985101945389,1.8719424596074496
-0.3934769447702644,0.460757473830832,0.06039591644373554,-0.8460109163544067
-1.0,-0.04000585071697493,1.0,3.750786064303711
-0.15161680396268729,-0.9118591779933196,0.1961297138927356,3.0432500171924093
0.5282367856900392,-0.6649046628085347,-0.9169890236385025,-4.364964185583981
0.5756001419190244,1.0,0.8847863056362948,8.721789521960995
-0.2784155929582155,1.0,1.0,15.408532772761175
0.21126675570736086,-0.5093651287022265,0.11206659073180325,1.6852247688545
1.0,1.0,0.2594040152146113,12.909543979721068
-0.31201056491089796,-0.9063454270809717,1.0,-2.5649361866308693
1.0,1.0,-1.0,39.8702452476248
0.1982759523888562,0.6850439903107273,0.39840106647860174,1.613197831040496
-0.005574517427645809,-0.037869133773664965,-0.1558801125263023,1.633390622728482
-1.0,0.1708193666784108,-0.06907535517500718,-4.1336635412778815
1.0,-0.4859129450800599,1.0,5.224000033259661
-0.14962230540715993,0.37736807299514297,0.050051430460711144,0.4916324055552441
0.24455472730674344,0.26163212143466485,1.0,1.5453350052032042
0.0942843816079535,-0.652167543406242,0.598628193238945,-0.8269892906441898
-0.5701218075653043,1.0,1.0,16.5150784072327
0.5571987974047654,-1.0,0.23813583201772315,0.29559089821027956
-0.9445644654538929,-0.16768024257947411,0.6374223006336108,-0.847203009277024
-0.18078882638959914,0.8399612499328919,0.5948117617819069,3.390818143352542
-0.6821242735993851,0.7351075944937164,-1.0,-0.4786384749010185
-1.0,-0.6433362842471644,-0.057415399951642465,0.6750799268359273
0.35132255964022097,-0.27474818892745567,0.36213858823898804,0.8760143492153336
0.8313427421388451,0.7076249737310927,0.4746665624307709,5.274727802461228
-0.21904441864897017,0.9155732771635616,1.0,11.363810359081018
-0.8149263917681346,-0.13579511569843272,1.0,2.7121996494736687
-0.6027170370319475,0.734100300941088,0.7206372794962643,0.28513011654032305
0.25174186052636416,0.15952174238824646,0.37503469178243987,1.0693081609855764
-0.5880183680226836,0.6111369747654045,1.0,6.049663951251313
-0.9185363410315492,-0.9453148287841104,1.0,14.236966978585434
-0.0879750257498193,-0.3922810888561863,0.5023785152243831,0.2030811302091732
0.6807535249998062,1.0,0.7659019331786836,8.818289981170041
-1.0,0.22148132027330436,-0.09181291833623106,-4.799537666862305
-1.0,0.8705243409243293,-0.5658162028094191,8.368252084418213
0.13497750463971014,1.0,0.2851901828421588,6.915955177630487
0.31066674929649807,1.0,0.43489676135238553,5.733749593703709
0.46695888758135995,0.32136613807369696,-0.9373060587178146,-0.37097245608974727
-0.07408193737348778,-0.3050213606535954,-0.9176188616211518,-1.675795129577853
0.5236415135317978,-0.21141772518343083,0.9383306224062429,-1.4015069682681054
0.23153854357577908,-0.5924521031733629,1.0,-2.3374936479290174
0.4362197865445594,1.0,0.158881786798325,7.160727124322425
0.44026239095350683,-0.636101807908438,0.8251076379821312,-0.9830459311189916
0.5810996615617472,1.0,0.9166619248862546,9.19542158260089
-1.0,-0.31666420650492366,-0.7951108521128214,1.5470664757183887
-1.0,-0.5182404580777213,0.5602134655486066,1.382935383832343
-0.9290945004049074,-1.0,1.0,14.963677994730002
0.5582800368803682,0.6527780004279666,-0.0016894720332916169,1.0420449580600095
-0.5887873085327024,0.8955638257961493,0.010152537977990317,1.9129877997719102
1.0,0.08381387558106335,-0.6434843034281206,5.443049247271961
-1.0,1.0,0.12171797068093704,5.933388758536758
0.3487995098886092,-0.13614689912380284,-0.4719594117313364,1.4846838867292718
0.006671790484140017,0.846606287706003,0.789699111854776,5.39061603064824
0.07697681672888246,0.3144433100218589,-1.0,-3.8175666870845806
-0.6755424857617001,0.6466548490965098,0.06007521611769473,-1.8525685255274063
-0.303270849956192,0.09009546664590484,-1.0,-2.645836093289055
-0.5152217866427213,0.5541093039735527,0.9211767961017954,2.740008127278805
-0.4030343889045389,-1.0,-0.01442514733266198,3.696384182068163
-1.0,0.6173311881356471,1.0,7.145023156081996
-0.9767336738262455,-1.0,-0.21377247261779675,7.632518634919207
0.18199519216524251,1.0,-0.7292100098332246,10.019524535458565
0.60508510167089,1.0,1.0,9.079668819759235
-1.0,-0.5520658249761241,-0.09505476894525144,-1.0856753045853982
0.5335537084149524,0.33582353723158564,-0.6792605310605018,1.2171278953491116
1.0,0.5079599706429518,0.045299398663966706,6.986515016889239
0.3180362677451283,-0.7170334477309748,-1.0,-9.429429268655358
-0.8521025959211992,0.9477730443270069,-0.17570551586773564,2.8486181597555382
-1.0,-1.0,-0.2790879177092862,5.375771127723902
-0.47130813545495975,0.5227190169253215,-0.8948148066035626,-1.691674049482459
-0.5387566740494769,-1.0,-0.1982428256323827,2.5014597687503244
0.05349767328297461,-0.17037654871992047,-1.0,-3.2157636296812298
-1.0,-0.12942986059908268,-1.0,9.190870652463255
-0.7637182200629402,-0.020431217133101143,-0.5072172155171291,-0.4561340476933484
-0.26755121715862407,-0.8611991393591354,0.4677256826341196,1.0335179516552788
-0.3259823414182119,0.7505491165396219,0.47399264711238454,0.8552074053353409
-0.424144999847637,-0.7493406667254034,-0.5387157618563463,1.060733773146891
0.6339666613930821,-0.5404076523295962,-1.0,-7.231883057217538
0.7611890510715191,0.3249421281624185,-1.0,0.8018759693158226
1.0,-0.7873411183395784,0.6949110232009725,2.237341818077693
-0.7320426579625285,-0.5829500574832875,0.19170588058317795,0.5118118308831712
1.0,0.5908110017112795,0.2346532389559013,8.886762056474687
0.5635652724754434,-0.5283623386078256,0.4184826770301351,0.6723237753252804
-1.0,-1.0,-0.4310197701134506,5.819148174900646
-0.4290447938126065,0.7580061611627937,-0.4803712203612016,-0.650159000888586
0.6178388628306386,-1.0,0.4644446774638613,-1.306951314835321
-1.0,-0.6606792343723844,0.5117025670908313,3.341194506684044
-0.3437878039218294,1.0,1.0,15.016215373000474
0.09737527105587085,0.05725918209309144,-0.8573326683328244,0.037768308957109586
0.3700084367413834,-0.8837221010280891,-1.0,-13.866092955479578
-1.0,1.0,0.4128598732961388,2.962932500287246
0.4478996835341924,1.0,-0.10722450850410503,7.57334685605308
1.0,-0.9681004118547933,1.0,-7.5831159334297835
-0.846763215833489,0.9879882592549802,0.5159332653594706,1.8897901329205982
-0.7164393516407717,1.0,0.21243202813173379,3.943773193160527
-0.9442283462599059,0.6322054446395564,0.056893302192262185,-3.471254419601509
1.0,1.0,0.5853358634852457,14.591237085581875
1.0,-1.0,0.11834361478957556,-8.458793852588885
-0.35349367512519714,-0.04427850397170996,1.0,0.5835394221685808
-0.7585397203270521,0.35222461997461996,0.7873586807975335,-1.531107071964441
1.0,0.6075634171352342,-0.29452978615164227,6.306491941975281
0.22086671925181367,-0.6801449162940685,-0.05359018757413714,1.706871747509455
-0.720565885653881,-1.0,-0.9287006085888072,-5.108820336314094
0.1968280985664621,1.0,-0.14039144391972758,8.217524401331216
-0.0717001434840947,-0.07143635042384577,0.48042204709906366,-0.06086478440847676
-1.0,-1.0,0.006952224265623919,7.093823685053444
-0.2983638510283255,0.7444767200789937,0.43310426612406805,1.0477130517779112
0.7097992970934097,-1.0,0.9617753042094628,-5.275747588748944
0.538909374303715,1.0,-0.9381381936705886,9.569849949058659
0.7223625060077705,0.3987338709111061,0.04020079061371029,1.9583769790735508
0.5585366142986146,0.23614707594831175,0.09332266042123094,2.035359544078129
-0.8243390718353267,-0.41242326784887795,-0.577973305884296,0.9101907745172949
0.7805010384075577,-0.4835993660754858,0.16931990140469688,1.0615897353416621
-0.7141780426738167,1.0,0.1554177340597378,4.05513188397947
0.35230549335705197,1.0,0.8307385031945875,8.550152387428263
0.7120418009578922,0.9937660743662262,-1.0,11.132827822373352
0.9215112428886827,0.14436318822622907,0.05023570053885251,3.4210662575849686
-0.06700273280662894,0.04863087724971016,-0.17705601301864848,0.055615106523091096
0.2994020101212478,1.0,1.0,9.796788836212736
0.16548348925290668,-0.35345753042160744,-0.24044416120802503,1.2468518179990724
-0.12438330403191511,-0.5996792020220918,0.3717470513361363,0.4550534417404235
-1.0,1.0,-0.7050762395515848,12.747024956899747
-0.6227738365915592,-1.0,-0.4693651525412148,2.8318773624284947
0.07596438491184232,-0.9781729936398895,1.0,-7.152037799537947
-0.660670141669419,0.5700062931300081,0.08309200276751016,-2.5573586865614564
0.06801610076557041,-1.0,-0.12067603071802324,2.689965586685344
0.8546123852126093,-0.18806465000025474,-1.0,-0.19283412360784635
-0.07573538657137302,1.0,-0.7478232044567854,8.697267344414724
1.0,1.0,-1.0,38.981886701161805
-0.4012663860222139,1.0,-0.2506269318632619,6.8929346960884255
0.0833742710423091,0.9370775429288132,-0.1546914069803178,4.9762201340232926
0.08863146797626031,-0.18902681738458904,0.22711714113463244,0.9461730133310928
0.8972659857944678,0.05857262732457458,-1.0,2.7911811031567417
-0.2983226234636116,0.8109041887122319,-0.7788312865845144,-0.7796983621472775
0.18249667690701332,0.6121969076541236,0.007782716204646434,0.37374559679117264
-0.41450670105984555,-0.8376109647275551,-0.3738073683219574,2.0692112567560215
0.19888105624625063,0.040983938247335816,-1.0,-3.5067730085476976
1.0,0.6030696363530783,1.0,24.45935420719499
0.147296120995158,0.41932274642946243,0.3973482444935277,1.809414084800078
0.03152570199158866,-0.6895900297406341,-0.15323990195195858,1.6107324160135943
-0.4167260552075205,0.17091991005066154,0.4971875582070655,-0.7299040359471515
0.8422772513352026,-0.06957937768986144,0.7044124098986393,4.194571803808208
0.023698915248895558,-1.0,-0.2675860785860582,1.6770971816624662
1.0,-0.08291177853819343,0.7259608200571597,8.425772423333783
0.7689902519404688,-0.1592271771616205,-1.0,-2.160779807363632
0.08448322914531459,-0.36629903146666143,0.15511951527379964,1.920982789188935
0.7561258266533326,-0.9329485567455484,-1.0,-20.436904259930447
-0.4834709603625189,0.39609024520799796,-0.650823063815096,-1.0015403287963658
0.8256262421466158,0.19670032143087623,-1.0,1.9207045924728594
-0.8226208395651797,0.8454055807750607,0.388506532288573,-2.2829993629356307
-0.07894566055766394,0.18643968003818534,-1.0,-3.9828692049919274
0.47693773476615964,0.5955155433406043,1.0,4.388851297728563
0.04902520362036489,-0.8045192979078675,0.5150965323129186,0.3708669270370191
0.47960164927250837,0.16169792390991966,-0.025217942889210088,1.9468437914356358
-0.41605327286614924,0.20793126511292925,0.6074100586377036,-0.5759214751591026
-0.24634682156177434,-0.09815597017911593,0.6063996583801445,0.29887717335973946
-1.0,0.15773395204141116,0.6399121984452383,-3.7341026290863697
-0.020058278077973446,-1.0,0.7969993627067855,-1.7900264368145615
1.0,-0.6916947801036009,0.05467670853895812,1.7554531083520448
0.8917704712014007,1.0,0.339155803087263,9.8280162894684
-1.0,-0.23091456535312238,-0.8784791187526806,3.4323138541325107
-0.15586675118584736,1.0,-0.17033951132658065,7.460548379472328
0.20532403781788533,1.0,-0.1990698066409069,9.109476179773612
-0.00042307342631486833,-1.0,0.5620491502948157,0.08929248945747087
-0.16529904607942902,-0.23051311655075635,-0.6167515879203078,1.5299725396076593
-0.33106100995225307,1.0,-0.22357091612010804,7.279817698922734
-0.4238401643671754,-0.7206115170266023,-0.7997048563007538,-1.342670001249848
1.0,-0.3810486194153295,1.0,7.741208462683844
0.35084688355557203,-0.5418140442584733,0.9636803978683068,-2.5145885743680694
-0.0577226389700467,1.0,0.8621770314118569,11.658528413422289
0.6525656701544136,-0.49356285583983883,0.8017106090916903,0.20498825010306504
-0.21405964807610212,0.9895479236744131,1.0,13.226220231943937
-0.08115112041566364,0.24517311386669305,0.16361576573005987,-0.15149132443141042
-0.2589713920365615,-0.12456412663108551,0.8874435184614005,0.1578985288363479
0.14346419635827834,-0.990766212019947,1.0,-6.865616648246924
-0.6402178494318318,-0.5889815323872936,-0.40300615496342274,1.063747478182516
0.8312136232926426,0.2950146576620738,0.4978290960009337,3.623318593948811
0.07419117669311404,-0.14580925342734474,0.8319114352962786,-0.20156594666819144
1.0,-0.3739536272952386,-0.2294484352910502,4.210385395794544
-0.8746737841542729,0.3542896805520319,0.28305702435716684,-4.215586149972287
0.49997392934772056,-0.1909474935072093,-1.0,-3.2993331150665317
1.0,-0.903681699720883,0.5776435107507301,-2.110964772320361
-0.09143089804658566,-1.0,0.7447768975734295,-0.6209007661715391
-1.0,0.731767374622895,0.5524719457551575,-2.7438650410849696
-0.9152295433823545,-0.814060367122462,-0.25461887302129593,3.751025661566671
0.14379120759483976,-0.3395091693790282,0.26257877735264623,0.3877340815873299
1.0,-0.9653784110815573,1.0,-7.777698405795405
-1.0,0.9616024817605042,-0.658242072877337,11.267371766648273
0.04801097412033517,0.0019263767299766421,-0.031680179673638564,1.2814185343532996
-0.2621402338694483,1.0,1.0,14.529002515800746
0.4793800755970159,1.0,-1.0,8.270700302830598
0.9532513869167623,1.0,0.06498751915712742,12.396626752521646
-1.0,0.6608362854528498,-0.6435688365467447,4.796430340206456
0.30329985923846015,-0.3202557255211602,0.9170807014229676,-1.5487114773471025
-0.2686789035582553,-1.0,-0.4305730674314441,0.7256552436473669
1.0,-0.010976018532651954,-0.03960032462806162,4.4397201101977375
-0.08493322504229028,0.7571261756115537,-0.15076369796320166,1.1988411959931191
-0.006298710370803207,1.0,-0.43004674317612546,8.855007867521577
0.1512821967663569,-1.0,0.47190023364355027,0.7930521228439664
-0.969646899856667,-1.0,-0.3269591913594121,5.9389731114946285
-1.0,1.0,1.0,17.188089601148324
-0.1570039596131434,1.0,-0.445470434487768,7.998680844508601
1.0,0.4957172712862108,0.4534790216146096,9.246174018890548
0.5018430924620283,0.5797839145395345,-0.7235826915230033,0.6254408752166727
-0.2464975464257988,0.1187827368546186,0.23845186738369528,-0.12728288171579777
-0.6289438688559836,0.9667283097432127,-0.48362819188207906,3.600930329534292
0.7810286489894556,-0.027288224061257083,-0.6050065968843485,2.289928096059826
0.06339650125819918,-0.5681155218140836,0.07396083525093466,1.039212111226029
-0.48956838889002197,-0.33840688952961573,0.15116978261907787,0.43772580589252796
-0.8999500593955616,-0.0974879038342682,0.2596596126501842,-2.5798223950227905
-1.0,-0.05856820907158422,0.3002173042689926,-4.260331241332013
1.0,-0.7439185921421507,-0.11707616592541514,0.8186233422306382
-0.9115937566680705,0.026984264707135663,-0.8046606033206116,2.76604432152753
1.0,0.2616824629145851,-0.2199895813723336,4.979052452839277
0.44818483304646106,0.09813798294046627,0.1702009577882575,1.1619564163644
-0.34794605103244414,-0.4749266517992845,1.0,-0.008598483199639573
-0.4714322164710425,1.0,-1.0,1.0734389201623593
0.3981975546867682,-0.8035920296424632,-0.3043946300428322,1.7149975062769718
-0.6120414593978025,1.0,1.0,15.625622816384542
-0.5338893100739865,-0.1083732919402105,-1.0,-0.682988096271705
0.7349162908675007,-0.5464829764333377,-0.4271886149135953,1.1996590704872399
-0.9497406038031246,-0.46189369511853684,-0.30945966821896387,-0.8982658461619819
-0.08310844206176782,-0.34037257060881676,-1.0,-4.193695660762538
-0.39476712215648524,0.02123049664359855,0.31561977602160307,-0.9268592105285527
-0.43387662298896434,-0.8650698999844486,-1.0,-8.821498690365178
0.378307468998786,-1.0,0.15560953203434602,0.5406796013943127
1.0,-0.030321531807550484,-1.0,8.194054172762863
0.096743467628017,-0.3637740496131685,0.10892179893012632,0.8179446368500738
0.33917158129798475,-1.0,0.17211499348129689,1.093569304008617
-1.0,-1.0,-0.6758605290257635,3.2290625927283694
-0.2324771026997614,-0.26393250556270975,-1.0,-3.3408286108827814
-0.08023625982826132,-1.0,-1.0,-16.380707439887193
0.7417348443096476,-0.2655001194560802,-0.9356132709738874,-0.01025343176461524
-0.04543842031652212,-0.4192369982457427,1.0,-0.08470921859743386
1.0,-0.35676831528483866,0.9736966038542683,7.079095169257395
1.0,1.0,-1.0,39.48660164865139
-0.07421114423541275,0.1313103263710138,-0.675280200847981,0.20129823264721106
0.4050473205362062,-0.023042022226535952,1.0,0.0865863807562125
1.0,-1.0,-0.886972434162461,-21.15951286969529
-1.0,0.8895732863233357,-1.0,20.751805083186913
-0.027131955419577913,0.6777851459233417,1.0,6.251916940015788
1.0,-0.0912494214480144,-1.0,7.662433320413329
-0.17486772609472068,1.0,-0.12281591270430536,7.674004270572542
-0.7476270074179929,1.0,-0.16081379682271746,4.440690872034063
0.43642197282465744,-0.6165037212891566,-0.32559158319952974,0.8467468053842391
0.03984839959230291,-1.0,1.0,-7.359799748579206
1.0,0.2304126187734894,0.017162136367702807,5.102791728972296
-1.0,-0.536858508388629,-0.19506220183411127,-0.9028903850390249
-1.0,1.0,0.22402715283078956,4.899711769309704
0.10545796326475054,-0.3902122096797527,1.0,-1.382571716395573
0.3077614621653013,-0.06357991512270678,-0.8869454719178016,-0.3834584417123041
-1.0,1.0,0.23575972449567795,4.991393317802898
0.42153841710427975,-0.49002151742329847,-0.6837892674052315,0.6379214525240382
0.36284421377671894,0.19548638790147166,-1.0,-2.414759493308632
-0.8472466744666167,0.055983838518312457,-1.0,6.488599321950067
-0.3779618393271571,0.15017581356976129,-0.35618426026992545,-1.1614833603692043
-1.0,1.0,-1.0,22.189771125535756
0.5277810780298475,-0.9099653439485422,-1.0,-15.748724121652645
0.7776113900230399,-0.31721426732763924,0.6307553148643517,3.011358869946089
1.0,0.20680799071007616,-1.0,10.830991381691762
-1.0,-0.2905939349516937,0.9534443428210331,4.330005082440728
-0.11141053156525116,-1.0,-1.0,-15.541607869610013
1.0,-0.29272053478567894,-1.0,5.624467483375751
-1.0,1.0,1.0,17.031524451569556
0.8658248492744065,-0.1244880994386881,-0.9732238647415723,1.9064402174782908
0.9657829906028328,-1.0,0.007330985181730032,-7.816110579549792
0.48099189658121766,-1.0,0.4910784851937946,-0.8789560858137044
1.0,-0.4419031922080723,-1.0,3.082158291491687
-1.0,0.7646198866502563,-0.1938917820018191,2.2333505745826354
1.0,1.0,0.27452061087786483,13.348846722854857
-0.4343596287591678,-0.4847272597228933,-0.13373040991279672,0.7274175053397601
0.14583634463444728,0.7459412611451821,1.0,6.521803791519912
-0.19980660041136988,-0.12244319964008077,-0.11295837184955815,-0.005948124539763677
-0.9793314645232649,-0.9941378416262632,0.7115737622939038,15.200316331625842
0.06518370074387447,0.013685428210284067,0.7572230013272412,-0.536759830479269
-1.0,0.5967173790679521,-1.0,18.629346701484472
-0.25671992602492644,0.9145477956443557,0.8786190967667973,8.656718302452088
0.5944584757883318,-0.5464905127963053,0.31838696253074295,0.9240122812767824
0.4454739569921087,0.41461832448615543,-0.791230632716192,0.3392680146048745
-0.32365669450725876,-0.7910097660273108,0.03000279469496836,2.7327890430301602
-0.6423563202966387,1.0,-1.0,-0.34684667614902587
-0.6767186144146939,0.12646338033744686,-0.16335864756620921,-0.8897341552559153
0.5202859551669268,0.3134338635720715,0.14159612214260608,2.0203142077581466
-1.0,-1.0,-0.6102729079985367,4.627994896105188
0.9052754281956652,0.18416381299269413,0.8077026639722305,7.448473500361845
-0.48137978179739127,0.13543563848868412,0.8203617449986689,0.6030906421240757
0.2192515396973269,-0.5617063717136046,0.5383879227502462,0.8672221643021505
-1.0,0.9917656933613852,-1.0,21.741703138373065
0.20818188197950893,0.40271973476647416,0.6172590461141791,1.0544906583010287
-1.0,0.8621288541381769,0.26440195898096674,0.7066957511469488
-0.5865449038983133,0.6118946519907915,0.5337520543220178,-1.2226708935963164
0.14189082695162858,-0.8052911758582686,-0.8829417698718509,-5.319425782790658
1.0,0.7430633749505975,-0.9538258082041744,16.005116580847307
0.5989050588958211,-1.0,-0.5982979617015993,-5.015127410606584
0.8801711307243465,-0.5513218211460531,-1.0,-4.967506903375248
0.615286832550962,-0.3941591994788163,-0.06091043898249393,1.5750860031101175
0.3043272014399918,0.45887580800494177,1.0,3.1449654570454944
-0.7166590710930336,-0.6267493642895006,-0.9178480810740475,0.45884246039022547
-0.22390242162806318,0.6646042076608683,-0.40132808036609435,0.9139554105197202
-1.0,0.24184509442154845,-0.43151106225020275,-3.022595733027484
0.34876750441582716,0.6563073731979043,0.22926162815969087,1.4115520124838585
-0.7292321760385245,-1.0,-0.045553801941940364,4.740985453098006
-0.014496156460728882,0.629367753861142,-0.4668637148301529,0.8117926993737108
-0.06026726845218944,-0.8867360644229902,-0.9889919149118729,-11.325483969776077
0.2346550952670179,1.0,-0.08022080575058821,8.249530700632151
0.9134294730620802,1.0,0.7077044744640952,12.928712135892175
0.3732609042873256,-0.8566323389446533,1.0,-4.396728938482285
0.6360118803602866,-0.6050593383325309,-1.0,-8.091059344894903
-0.33605401050832295,-0.21423985085713237,-0.3470352342356948,0.7576029427202681
1.0,1.0,-1.0,39.19845321893034
0.9196416361551818,-1.0,-1.0,-29.589913217088075
-0.9507959937646309,-0.3840091256215161,0.0451084778154387,-1.5449787542093167
0.1876549905660787,-1.0,1.0,-7.267674378193734
-0.9258480105154803,0.7060400498284407,-0.6502361161591799,1.5530899520221768
0.7872812557299926,-0.4321054639642343,1.0,-0.2677221600984021
-0.41578645771686595,-0.5019062562854915,-0.6129028913893626,0.5287181588362497
0.014025327804210841,-0.793501960385472,1.0,-3.5399786304268717
0.20175062478023942,0.6414751857866525,-1.0,-4.278499939969315
-0.8217254650132488,-0.9912962444654152,-0.5220773738018325,3.724415949701859
0.617447226423675,0.24667197100909877,-0.34490379177985875,0.47431378209785513
-0.21810217702839152,0.9536903238350061,0.3001526981291953,5.279415599351009
-1.0,1.0,0.5957603847299555,1.1479003039943187
0.19631686816555294,-0.8460951357330722,1.0,-4.2509196124038375
1.0,0.5335508669519373,-1.0,12.470432839999148
-0.09248253526305739,1.0,-1.0,2.7766696036331586
0.9661063748169916,-0.6084547938266562,0.5258674573875197,2.9692857513278823
-1.0,-1.0,0.6778544332572116,15.455672922649
-0.3999590844008516,0.3884908875422035,0.18623032445900845,-0.1772807255010198
1.0,-0.1508133017789055,-1.0,7.015814851526559
0.3893335339810198,-0.6186166240211439,0.7296012243136432,-0.5957585761471735
-0.46616765730287746,-1.0,0.031054381982352774,3.898203054626677
0.6525727817005946,-1.0,-0.8699012518287523,-16.108860514307995
0.19834276535665518,0.12509859701598103,-0.2833197572526245,0.6058991720036004
-1.0,0.49270987374049735,-0.677472917976184,3.8243912932785036
0.11829033295754199,0.5719104413245815,0.9469484880648562,3.6790822440535593
0.18234050118018752,1.0,-0.959190288474854,6.661995372266201
-0.8175066270499185,0.1569392875901512,1.0,2.5357996450611457
-0.6871409681456424,-1.0,-0.31779611918368156,3.6726123170959952
0.009398057048078279,0.9304210128312629,-0.9886658427116157,0.33724306885362576
0.3596942639994485,0.22438931554570862,1.0,0.9112780249066945
-0.42083049033499,-0.9675426201670374,1.0,-2.487092702471765
1.0,-0.4001262793499347,0.9046161164888928,7.042732800338527
1.0,0.09663755239125948,0.0827480424510092,5.251585004224161
0.1716665189263078,-0.7839112678101969,0.5676224987776701,0.6677723645664286
-1.0,-0.36018401549598766,-0.5837012377664084,-1.248030735340849
-1.0,-0.328481859010896,-1.0,7.316576625251881
-0.6283820062340917,-1.0,0.1345636332685778,5.297169850877802
0.04068117530898108,-0.9065670824290786,-0.29900146048696397,1.6656548169824683
0.07878422536642593,-1.0,-0.43333814023500916,0.7014292047430986
0.08097631090743018,0.055775260772469304,-0.8858060446092102,-0.9887300010415556
-0.8957063189525443,0.13139260338038072,-1.0,7.78367444764503
-0.6122561123488373,0.6385990300087754,0.13386987541653506,-1.011132031631723
-1.0,-0.49648256039565064,0.07146775342432132,-1.994708505462716
-0.9197903341522253,-0.6290734982364732,-0.12749388289497454,2.2392128753722824
-0.39151626839156206,-0.5890638244921789,0.9890475672543404,0.14870612634657987
0.238379120689316,0.36298735256840664,0.17335614229083407,0.5539027873325645
-0.16102692440155586,1.0,-1.0,3.1944197460146007
-1.0,0.0164221575693988,1.0,3.450349561527381
0.20523255366090454,-0.7765356446994816,-0.4920455580719152,1.0607230523537097
-1.0,-0.400250512090476,0.6172177315118694,-0.4107952626333878
0.5936365425354018,-0.9098607897003574,0.18749947827853197,-0.1032255110982439
0.09944620065048859,1.0,0.5315137846645372,7.876417234006018
0.5709510977798331,-0.5763212486911908,-0.12226533793933259,1.1972021707582783
0.769618869212984,-0.020333677629732705,-0.7450325631777694,1.6590443876158847
-5.423835553020062e-05,-0.9512393288592238,-0.1519390097298099,2.216756793936958
0.8129824464960076,0.18297731429448927,0.8956613244616154,5.661598437899044
-0.38074088515838045,-0.6717836620519384,0.9162426663342422,-0.18205238569445742
-1.0,1.0,-1.0,21.267288028748702
0.31303178966751055,-1.0,1.0,-7.587251851009372
0.2559323015915478,-1.0,-0.638598157491542,-3.603904597636919
0.5478274192956314,-0.06183864280899121,0.07299799341696867,1.4898636128216551
1.0,0.1310684851088162,-1.0,9.75653793957449
-1.0,-0.42435594028210577,0.5717338327443535,0.13040347318976578
-0.9648950551161777,0.40000714965076734,0.3471803574641217,-4.013784754046731
-0.792862304015757,0.5794980291484522,-1.0,3.3419751350296183
-1.0,-0.6823009183496487,-1.0,4.441650627523163
-1.0,0.23339679332016994,1.0,3.3955844009268694
1.0,-1.0,-0.5651945774106599,-11.675782813013068
0.9469342800485305,0.11058214491600893,-1.0,6.4204038431769375
-1.0,-0.5000650504668609,-1.0,5.885219107776518
-0.5109577980277351,1.0,0.5962820110577003,6.776569378180438
1.0,-0.3834123792417723,-1.0,3.903618318418275
1.0,0.8166850994328847,-0.47994952273311187,10.223879445768144
-0.5636311350846754,1.0,-0.08903215073142579,4.635286373203476
1.0,0.6390569014008212,0.08492937496139485,7.904579431596984
-0.3704153967057948,-1.0,1.0,-4.828891655456519
-0.6392496215178631,0.36873517521240773,-1.0,0.9730404145269835
-0.09662140438817879,0.7056041261299437,0.6379282417742362,1.6531286021418685
1.0,0.12698529163762218,-0.8739756646163268,8.210009253711812
-0.09459102207943482,0.6110563494026573,1.0,4.492225254924898
0.353083806430053,-0.017943186257135313,-1.0,-2.7372224173411537
0.5121321280786533,-0.6853842384396895,1.0,-4.31297999728138
-0.1777960899960418,0.03975855205168055,1.0,0.7827724006437189
1.0,-0.14449661464647434,-0.35806293974631087,3.7958584728218723
-0.2705844492740397,-1.0,0.9379361893906233,-3.0636211617577396
-1.0,-0.5094922930209449,0.9123234184899387,6.438417882634227
0.28939254467439324,-0.1867434235593406,0.205654348362585,0.7852614726929735
1.0,0.38504324090589903,-1.0,11.35496819972318
1.0,-1.0,0.16019353217202004,-7.997699090956929
-1.0,0.5655570311399865,0.6697565685261926,-4.552986249350612
1.0,-0.26122514562330523,0.12132293861617383,5.001769208190721
-0.2385620671291695,0.45512275223504184,-0.6478549397861759,-0.7725233761831891
-0.8180345235056155,1.0,1.0,16.28157580957116
-0.4381293717567294,-0.6142013181128829,-0.11147233218258057,0.12654748735322063
0.5110487884647934,-1.0,-0.1324963458038988,0.10196271967932943
-1.0,0.4422030643609436,0.2284691351247179,-4.531151920809218
1.0,-0.59096674368489,-0.25191072394260017,2.6247015048169624
-0.20330844063868492,-0.41077672030612544,0.9022753090562696,-0.29667788073767615
-0.11238576270077849,-1.0,1.0,-6.029739480192062
-1.0,-1.0,-0.5238648640534616,4.913737147015874
-0.13438795723015584,-1.0,0.03210261971941741,3.1325869636621944
-0.2615975909420767,-1.0,0.1721448002741235,2.352934218762389
0.6798836358964009,-0.3618725790643098,0.2974883123172438,1.6657274766119659
-1.0,-0.6423090511384575,1.0,12.700185819618302
0.10071843948821058,0.6964411551510983,-0.12218395841031793,0.6773437356329188
-1.0,-0.3013981068338807,-1.0,6.764517677511242
-0.6339384458674997,-0.07131472090869373,1.0,1.8068121747501025
-0.4623163640821921,-0.9328869537741511,0.6182440415710402,1.5553900106646932
-0.8692945366404212,1.0,0.3903804123992476,1.4851817468451998
-0.8165254549779584,0.4524370225645262,-0.46151737884684896,-1.990498503198097
-1.0,-1.0,1.0,22.956355747256165
0.2774642839089514,1.0,-0.5901575211926973,11.109608111208722
-0.14920764702624156,-0.257902716609103,-0.5996590479453683,0.1736506637771028
-0.016773638787930034,-0.39779051458364134,-0.47179768405659184,0.2863275835258502
-0.14292143592108442,-0.7888215482702283,-0.4411061019123306,0.6486406587362775
-1.0,0.615165075296987,-1.0,19.16844169946852
1.0,1.0,-0.4632789771341217,20.09654435888881
0.17338238546180462,0.7533868730377553,0.35408987817525506,2.6964837212599178
0.8953228688541977,-0.16928096963910622,-0.2842954981557071,2.475730233837969
-0.10156775039348087,-0.09036375177731615,-0.6487713113572224,1.1625479296075918
0.013243779608885564,-0.27101213031758253,-0.030385408726706142,1.5636622452565951
0.001994498877882833,1.0,-0.33921916058891477,9.325055930199047
0.05238960121851677,1.0,-0.6488620425008966,10.577679568550588
-0.6588194024380722,0.3329987485963173,0.7096677486700784,-0.7332044812252582
0.33815717575294824,-0.5088818416389493,-0.16220472474166092,1.580227662951486
-1.0,-1.0,0.1459528256696241,8.946454020992812
-1.0,-0.5236021154327093,-0.2544515766722033,-1.877934514602671
-0.19360622635673863,-0.15288055758104546,-0.6915172049763902,0.3723165093635752
0.8388834337985045,0.4669799995630901,1.0,11.390952007644715
1.0,-0.47144580724529583,-0.16055973060914042,4.38411238899369
0.4902367204804299,1.0,-1.0,7.226395688527689
-0.34910753169663766,0.06867489902993063,-0.7908688115524112,-1.2925189926544
1.0,-0.4217532302878466,-1.0,3.2840740999569373
0.43615770365012074,0.04136500638378826,1.0,0.15780518255290193
0.5765310533995098,-0.41968864330791233,0.8567384733014749,-0.2766866612519717
0.8934319900434582,1.0,-0.13596880560794933,11.224637583876563
-0.59381045726699,-1.0,-0.41102963467808684,2.2739959390424596
0.7822407651956147,0.700682563866212,0.10570613947557805,3.002049836817924
1.0,-0.3418190245356978,0.4954915319927935,5.825488849445835
-1.0,-1.0,-0.6610546483047977,3.5769711278817224
0.5137826134470287,1.0,-0.9191559756054111,10.00607197850201
-0.2611544041267002,1.0,0.2960846898121392,6.8775444981361895
-0.9445741813925737,-0.8190184661079367,0.8482389960805485,11.162995208256874
0.2149824507483915,-1.0,-1.0,-19.163605117272287
0.14007443231637007,-0.0964155990126212,-1.0,-3.5888301887247813
-1.0,0.34642599944493435,1.0,3.6506121622233576
-0.6804598340974555,0.7152548263803227,0.036995058450653984,-1.6493948925170556
0.3575865896618817,-0.5894247261304215,0.5014356858942399,0.5756942305910385
-0.6481032568460268,-1.0,0.9040166022454259,2.131746422982519
-0.021803447825146316,0.7897828400271358,1.0,7.895878268879072
0.23491814816276602,0.21639993129132606,-0.7633857341960941,0.9369392683845587
-0.13691213352097198,-1.0,1.0,-6.693277641442353
0.4765054837553582,1.0,-0.3973334853798385,10.148982392174318
0.44007503412576665,1.0,-1.0,7.137071217123568
-1.0,0.6040016524616727,-0.1249405341876566,-1.7348163547599742
-1.0,0.7734430180756744,-0.974840680986611,17.20432704350868
-0.28144595164485464,-1.0,0.5463681039990975,0.6872582286076797
-0.030232123621367624,-1.0,-1.0,-16.441056889687008
-0.5103963806644112,0.8431495012010908,-0.1331699748091666,0.9648499145645257
1.0,1.0,-0.30106971448674913,16.86622655273796
-0.03119064841258612,-0.5926948068801703,-0.23164391644015248,1.6699839820878413
-0.48063966828708327,-0.816153347596438,0.06867545337233705,2.409990491041865
0.9009869319280528,0.5170851260291536,0.6098842657745731,7.103908593380549
0.30335133423421623,-1.0,-1.0,-19.75547507067424
-0.4377938853887904,-0.2951558636422944,0.20174693599193727,-0.252417448392172
-0.7574312280528492,0.34266853040484757,-0.035884670215628134,-2.9040680281859004
-1.0,0.22039618715178078,-0.3674947958921666,-2.4048905770260323
0.9148733136740947,-0.32232145223702924,0.1597325302040229,2.098932062554993
0.10216048706496972,-0.43491703284247873,-1.0,-5.570279254311045
-0.46217115779385654,0.8248755527719076,-0.37210635710761775,0.6737835658213134
1.0,0.2270857819894161,-0.6792714853063848,5.952608487830924
-0.2555687900878971,0.5310905855298309,-0.0549492100222182,-0.09298925116623352
0.6481152940531909,-0.2829897698536381,-0.12039177930395306,1.322390565235765
-0.2939847151997257,-1.0,-0.6650027685374049,-2.72193031317083
0.4132427212136558,0.8968862282630385,0.8402844904285702,7.269414023987405
0.12171631825227847,0.45761346866533437,0.3021020472647409,1.133692427235641
-0.7925679506869105,-1.0,-0.052162961201790425,6.855666665495118
1.0,0.9992440080580995,-1.0,38.41999525443934
0.6789619802732367,-0.6293383060600599,-0.9892650144149482,-6.8830480650399455
1.0,-1.0,1.0,-9.617395927659746
1.0,-0.25236518538398767,0.8596444790437798,7.777512919670814
0.48351863782328364,-0.86134680722733,1.0,-5.19098570458208
0.01234366146351129,0.5127942549864151,-0.9206775668771172,-2.4883141962541915
0.6786780476189185,-0.5680867326945942,0.5948978235581861,1.2314536972979275
0.7205130531295663,0.3720735864924354,-1.0,0.10644181617829385
-0.4206892593083229,1.0,0.07567589813115339,6.226839543545671
0.7494995397100728,0.4183509773173464,0.04151380456165232,1.8093883221603928
-0.28627381458560364,1.0,-0.31454806033035076,7.181908830959971
-1.0,0.923509554079996,-0.09856493666062227,5.186437802680056
-0.22828357107288366,-0.18164249418794376,-0.29359224929925887,0.9368595041527636
-0.5456536303892041,0.9804720405165925,0.3562454324166706,5.375369053143191
1.0,0.6475757717359862,-0.23168876782658288,5.849574094027644
-0.1925444889087693,-0.4321065942691602,-0.5717926273547556,-0.011982910012713677
-0.7042734874961463,0.8063505042747323,0.3178510475611718,-1.8168308783968257
1.0,0.2324166033645576,0.08478714698427381,5.784630631865321
-1.0,0.1007245619263466,0.07274357411364019,-4.099894074607682
-0.6764658125327854,-0.2630572549042012,-0.24154167065723375,-0.24969201993743081
-1.0,0.19802337879778165,0.799122640949745,-2.122919791326237
-0.5255768199551765,0.28131931778780483,0.22636099079649785,-1.1436189719459304
-0.8967329782403719,0.1959376789995395,-0.7147421374658514,1.00734943152882
-0.816302841048439,0.6038038852085095,0.004956687723231656,-3.3680941598581144
1.0,0.6540401404553036,-0.8209220290720447,10.605995022383771
-0.05335894013933662,1.0,1.0,12.440206686365812
-1.0,1.0,-0.517449553130424,12.23992469796835
-0.35715266649938116,-0.9314799519994859,-0.03521266998161776,3.0622793822779864
-0.09349135062203007,-0.003196745116515798,0.28621774677146106,0.37164404707120346
1.0,1.0,-0.7172109313417676,26.376635993246023
0.4009231358816234,1.0,0.2126151791302071,6.965912137049326
0.031906378026065774,1.0,0.05910427862309109,8.068421253385695
0.2995557563340119,-1.0,-0.34905327543606224,-0.062433569609733564
0.7805185612958883,-1.0,0.0249982040319503,-3.205545946391231
-1.0,1.0,0.8629093498784253,5.305025013103713
-1.0,0.07868699921179223,-0.8419556568746684,4.494081213679408
0.12842566490744933,-0.2505853175969892,1.0,-1.4931761791897948
-0.7650247975676479,-0.5048829015552163,0.32841467529983515,0.4246420732355989
1.0,-0.8097163941381686,0.7328699164024537,1.1739400610997284
-1.0,0.4522418721425816,-1.0,17.61566230592667
0.16849604785159378,0.04635762805064303,-1.0,-3.4772556954289633
-0.4001168335435785,0.7421312022952224,0.567912657244535,1.3507116797432825
-0.38489441628723586,0.1431759324338886,0.4686361128560095,0.21597261003125612
0.4642426811585578,-0.15120562778547364,0.9408261904908759,-1.3506721969273818
-0.7410849396982342,0.24393069676207269,-0.882037380882069,0.5928991080506087
-0.5662553890277391,-1.0,0.9749300717031331,-1.3447169507561851
-0.17984020072572915,-1.0,-1.0,-15.36157396664995
0.5857276031141028,0.690695953889003,-0.3396134750307953,1.9363122451007406
-0.34091006074783925,-0.6748428833133193,0.9780502842717751,-0.9555305687663609
-0.24088082144198997,0.4402105508304517,-1.0,-4.045127754544914
-1.0,0.9016014979573816,0.7335362419514868,0.09953334266285188
-0.9390755905087695,0.7457824705378586,-0.14360824704495623,-0.6969647164076243
-0.13133506388120098,-0.07229264585524797,0.6628611778742988,0.020529755158424243
-1.0,1.0,-0.5760580885327606,12.077446093267213
0.4765748250951276,0.2533918043139285,-1.0,-2.8377603559228137
-0.5865839720340518,1.0,-0.01905360565566605,5.208729586902324
-1.0,0.6461807976225278,1.0,7.740266905214606
0.4507199051779833,0.4969672606632891,0.10434829067055795,1.9657147735861291
-0.18111886398622268,-0.6380022826064553,-0.7730044620956853,-1.1151947104770707
0.4523181273557213,-0.9818028252511242,0.7855220437643446,-2.369600763684713
0.13658666349948034,0.20186083319488346,-0.18285984510714548,0.6826416312918091
-0.631694249006056,0.1549865341321559,-1.0,-0.03139286571637423
-0.07213211725444535,0.600818509924564,0.4518627171028875,1.037620731940283
0.8353262112807611,0.185726977724592,0.24496893510141593,3.6972149229689144
